property,n,spearman_r,p_value
hydropathy,30720,0.008838453330683711,0.12135919651078785
volume_A3,30720,-0.061670548027989686,2.8002586452175772e-27
mw_Da,30720,-0.07000343608492235,1.1018426805147333e-34
charge,30720,0.008838453330683711,0.12135919651078785
