residue_class,n,mean,sem,std,min,max
Special,4380,-0.003187214611872146,0.0006328386844513997,0.04188225670086583,-0.03000000000000001,1.14
Polar_uncharged,9360,-0.003939102564102565,0.0006961632374154599,0.06735176945920072,-0.05,1.6
Aromatic,3960,-0.005070707070707072,0.0007474659037030526,0.047036931210555605,-0.06000000000000001,0.9699999999999998
Aliphatic,6540,-0.005484709480122325,0.0005497604324343546,0.04445927266926971,-0.04000000000000001,1.0299999999999998
Sulfur,960,-0.00734375,0.0007401351011518592,0.02293224736563754,-0.03,0.67
Basic,2880,-0.009454861111111112,0.0009314583399413068,0.04998729999162887,-0.05000000000000002,0.94
Acidic,2640,-0.01025378787878788,0.0010782354627767003,0.05540074117572537,-0.05000000000000002,0.99
