property,n,spearman_r,p_value
hydropathy,30720,0.08945336688850357,1.3027836218911754e-55
volume_A3,30720,-0.034846137119371984,1.0017472861050837e-09
mw_Da,30720,-0.09197294702256982,1.067751362085545e-58
charge,30720,0.08945336688850357,1.3027836218911754e-55
