resname,n,mean,sem,std,min,max
SER,2760,-0.0012137681159420286,0.001425237254788526,0.07487583990531585,-0.039999999999999994,1.6
TRP,720,-0.0016111111111111113,0.0011221997301787971,0.030111778572140556,-0.04,0.58
GLY,2220,-0.00190990990990991,0.0011578660584177928,0.05455503144993889,-0.03,1.14
CYS,300,-0.0024999999999999996,0.0002504177112353166,0.004337361989746801,-0.009999999999999998,0.0
GLN,1500,-0.003746666666666667,0.001578618494177539,0.061139631379646384,-0.05,0.9699999999999999
ALA,1800,-0.003877777777777777,0.0017640909544385215,0.07484404059079965,-0.030000000000000006,1.0299999999999998
PRO,2160,-0.0045,0.0004789273964993337,0.02225853396821275,-0.03000000000000001,0.9600000000000003
THR,2460,-0.005247967479674798,0.0012488864525520556,0.06194275368084165,-0.039999999999999994,0.9499999999999996
PHE,1800,-0.005583333333333335,0.0010424543066290366,0.04422759055767074,-0.04000000000000001,0.8800000000000001
ASN,2640,-0.005678030303030304,0.0013077950669955108,0.06719572720315312,-0.039999999999999994,0.9399999999999997
ILE,1140,-0.005684210526315792,0.001222755027912609,0.04128496140782433,-0.030000000000000002,0.9499999999999998
LEU,1980,-0.006020202020202021,0.00031101874636842023,0.013839460537655208,-0.04000000000000001,0.30999999999999994
TYR,1440,-0.006159722222222224,0.001486280537274278,0.05640038087718607,-0.06000000000000001,0.9699999999999998
ARG,1260,-0.006317460317460317,0.0016927519206344018,0.06008673249280938,-0.04,0.94
VAL,1620,-0.006475308641975309,0.0004455129272332649,0.017931549422672957,-0.04,0.44
GLU,1140,-0.006807017543859651,0.001958626937002298,0.06613085668067627,-0.05000000000000002,0.99
HIS,780,-0.008,0.00044417829934338725,0.012405224788528232,-0.03,0.16
MET,660,-0.009545454545454544,0.0010597451655860368,0.027225346252137263,-0.03,0.67
ASP,1500,-0.012873333333333332,0.0011731781059509086,0.0454369926648303,-0.05000000000000001,0.9600000000000003
LYS,840,-0.015511904761904767,0.0018772341367223437,0.05440741423210235,-0.05000000000000002,0.88
