residue_class,n,mean,sem,std,min,max
Polar_uncharged,9360,-0.20432371794871795,0.00828313261932571,0.801369001684118,-2.44,5.22
Acidic,2640,-0.21569318181818184,0.014729278002615247,0.756804006637636,-2.0399999999999996,5.03
Special,4380,-0.2235,0.009519073747079082,0.629987230592975,-2.14,4.97
Aromatic,3960,-0.23049999999999998,0.01071227667705027,0.6741078337762243,-2.0300000000000002,4.36
Aliphatic,6540,-0.2336834862385321,0.008832245753407322,0.7142660676650713,-2.2,5.32
Basic,2880,-0.23817013888888888,0.01441828799654436,0.7737665299066186,-2.39,4.83
Sulfur,960,-0.28346875,0.022615645073545108,0.7007201338686241,-1.66,3.36
