property,n,spearman_r,p_value
hydropathy,30720,-0.011598857857829697,0.042059433574216404
volume_A3,30720,-0.005690234917293502,0.3186179929841622
mw_Da,30720,-0.004232316270913817,0.45822284180930395
charge,30720,-0.011598857857829697,0.042059433574216404
