resname,n,mean,sem,std,min,max
SER,2760,-0.1910253623188406,0.015062645719369404,0.7913266690473507,-2.27,4.509999999999999
LYS,840,-0.2025833333333333,0.03173692012636112,0.9198233326296422,-2.39,4.0
ASN,2640,-0.2039810606060606,0.016172694229870107,0.8309680752252682,-2.329999999999999,5.22
THR,2460,-0.2129308943089431,0.01571106178961169,0.7792433239304726,-2.0500000000000003,4.68
GLU,1140,-0.21404385964912281,0.01941675433830933,0.6555850805952267,-1.6700000000000004,3.810000000000001
GLY,2220,-0.21521171171171172,0.01431550066070467,0.6745016689007757,-2.14,4.14
GLN,1500,-0.21528,0.02073093919896442,0.8029058226882773,-2.44,4.74
ASP,1500,-0.21694666666666668,0.021319128328880704,0.8256862897341372,-2.0399999999999996,5.03
PHE,1800,-0.21796666666666664,0.016460944151366112,0.698378714049841,-2.0300000000000002,4.36
LEU,1980,-0.22242424242424244,0.014518364519613313,0.6460264379127576,-1.9300000000000002,3.35
CYS,300,-0.22316666666666668,0.03173779344119237,0.5497147076027147,-0.93,2.4699999999999998
ALA,1800,-0.23166666666666666,0.019396085695956106,0.8229062234451575,-2.2,5.32
PRO,2160,-0.23201851851851854,0.012495224065396245,0.5807255365489175,-1.7800000000000005,4.97
TYR,1440,-0.23797916666666666,0.01858925211702264,0.7054125202667813,-1.62,3.4000000000000004
VAL,1620,-0.2416851851851852,0.01794574309271118,0.7223022263168911,-1.75,5.02
ILE,1140,-0.24505263157894738,0.018547707378823056,0.6262426780984429,-1.4600000000000002,2.36
TRP,720,-0.246875,0.019900185012349268,0.5339779974292255,-1.8099999999999998,3.66
ARG,1260,-0.24823809523809526,0.021260330298379083,0.7546668615615644,-2.21,4.83
HIS,780,-0.2602307692307692,0.02204316193786297,0.6156320092479789,-1.52,4.06
MET,660,-0.31087878787878787,0.02951676572751165,0.758299441479718,-1.66,3.36
