residue_class,n,mean,sem,std,min,max
Special,4200,-0.24126904761904763,0.0034360956157315314,0.2226844470049215,-1.16,0.8200000000000001
Sulfur,780,-0.3215,0.009857343353971745,0.27530061757742375,-1.26,0.13
Polar_uncharged,9960,-0.3338473895582329,0.00300633223848421,0.3000313549287288,-1.4600000000000004,0.7
Aliphatic,6180,-0.33805501618122974,0.0034019393139819182,0.2674365737392278,-1.2100000000000002,0.76
Aromatic,3900,-0.3525589743589744,0.005042177225100938,0.3148838667832535,-1.4699999999999998,0.4000000000000001
Acidic,2700,-0.36324074074074075,0.006904866695035,0.3587873980587245,-1.3900000000000001,1.0199999999999998
Basic,3420,-0.4399707602339181,0.006748024456909067,0.39462963969140324,-1.59,0.48
