property,n,spearman_r,p_value
hydropathy,31140,0.0779658777074485,3.4240292333467416e-43
volume_A3,31140,-0.08770518136745876,3.150463180301941e-54
mw_Da,31140,-0.0993827371307916,3.478911860138388e-69
charge,31140,0.0779658777074485,3.4240292333467416e-43
