resname,n,mean,sem,std,min,max
TRP,720,-0.17718055555555556,0.005818890081434868,0.15613720530825181,-0.92,0.4000000000000001
CYS,300,-0.2098,0.008007234744262296,0.13868937405193085,-0.44000000000000006,0.0
GLY,2220,-0.22469369369369369,0.005046875416516946,0.2377930029732828,-0.9800000000000002,0.8200000000000001
PRO,1980,-0.25985353535353534,0.00455930595251509,0.20287630744349197,-1.16,0.59
LEU,1920,-0.27615625,0.005357112884812492,0.23473692560907014,-1.2100000000000002,0.43
HIS,840,-0.28741666666666665,0.009316493835703193,0.270017644253453,-1.14,0.3
SER,2880,-0.28977777777777775,0.0051465518636159575,0.2761929556025642,-1.09,0.63
THR,2700,-0.3085333333333333,0.005354946122149867,0.27825116266072514,-1.1500000000000001,0.58
ASP,1560,-0.32904487179487174,0.008757858521242504,0.34590769573664576,-1.2300000000000002,1.0199999999999998
PHE,1620,-0.33424691358024694,0.008695611231244207,0.3499916007415084,-1.3700000000000003,0.37
VAL,1740,-0.33738505747126435,0.006454355324401023,0.26923250661334613,-1.06,0.33
ASN,2460,-0.3610853658536585,0.006845616366452986,0.33953153027982025,-1.4600000000000004,0.7
ILE,1140,-0.3693157894736842,0.00902557546748594,0.30473850145983167,-1.0799999999999998,0.5299999999999999
MET,480,-0.3913125,0.014328976220257427,0.31393214007160425,-1.26,0.13
ALA,1380,-0.399195652173913,0.006905208096995662,0.2565170957863899,-1.0,0.76
GLN,1920,-0.40065104166666665,0.006726730646528114,0.2947505690691807,-1.38,0.58
GLU,1140,-0.41003508771929825,0.010981295475839314,0.3707712089329018,-1.3900000000000001,0.30999999999999994
TYR,1560,-0.45251923076923073,0.007380300856726127,0.29149852752258654,-1.4699999999999998,0.3099999999999999
ARG,1500,-0.47814666666666666,0.010017499647719183,0.3879760930625506,-1.4799999999999998,0.48
LYS,1080,-0.5056018518518518,0.013716735843605582,0.4507779382129459,-1.59,0.37999999999999995
