region_type,n_residues,n_regions,mean_gamma23,sem_gamma23
3F,12550,20,-0.14481571561262566,0.0062384485029894
5F,2288,12,-0.021628443047739414,0.014683732559392792
