region_type,na_per_frame,cl_per_frame,net_ion_charge_per_frame,n_region_residues,net_ion_charge_per_100res
3F,81.27345309381238,16.395209580838323,64.87824351297405,4845,1.3390762334979165
5F,53.80439121756487,0.7005988023952096,53.10379241516966,1104,4.810126124562469
neither,212.53293413173654,11.253493013972056,201.2794411177645,24771,0.8125608215968855
