region_type,n_hbond_rows,hbonds_per_frame,n_region_residues,hbonds_per_frame_per_100res,length_mean,length_median,length_std,frac_under_3.0A
3F,88208,88.11988011988012,20885,0.4219290405548486,3.115133646622337,3.1068478365224808,0.20035334054539577,0.31595773625974966
5F,29242,29.212787212787212,8245,0.3543091232600026,3.119265746157061,3.111666444318775,0.2000261493084781,0.30620340605977703
neither,4674,4.6693306693306695,1740,0.2683523373178546,3.1342704329658164,3.131373028778662,0.19520812804847917,0.2729995721009842
