region_type,na_per_frame,cl_per_frame,net_ion_charge_per_frame,n_region_residues,net_ion_charge_per_100res
3F,184.22954091816368,152.57085828343313,31.658682634730553,4711,0.6720161883831576
5F,47.83832335329341,12.562874251497005,35.275449101796404,1076,3.2783874629922307
neither,251.51497005988023,126.27944111776448,125.23552894211575,25083,0.49928449125748814
