residue_class,n,mean,sem,std,min,max
Polar_uncharged,9360,0.011434829059829059,0.0017050881834463141,0.16496232502226812,-0.17,2.2100000000000004
Aliphatic,6540,0.000896024464831802,0.0016688939789346545,0.13496390079767703,-0.14000000000000004,2.04
Special,4380,-0.0005662100456621013,0.0017690676277307637,0.1170796702639023,-0.14,1.8700000000000006
Basic,3180,-0.0024685534591195003,0.0026245605301829546,0.14800287553142222,-0.18999999999999997,1.32
Aromatic,3960,-0.0027398989898989932,0.0020878789509828975,0.13138715506194462,-0.14999999999999997,1.5
Acidic,2640,-0.006280303030303034,0.0026072335499061306,0.13396208534177187,-0.15999999999999998,1.5599999999999996
Sulfur,960,-0.01171875,0.0031893426544844284,0.09881816788933719,-0.1,0.92
