property,n,spearman_r,p_value
hydropathy,31020,0.01670872469954232,0.003251426885571404
volume_A3,31020,-0.05105671626430644,2.3014354075213136e-19
mw_Da,31020,-0.05680987925886056,1.332043189959294e-23
charge,31020,0.01670872469954232,0.003251426885571404
