property,n,spearman_r,p_value
hydropathy,31020,0.002518009087244768,0.6574279323831431
volume_A3,31020,0.005150072462186756,0.3643931823008304
mw_Da,31020,0.0044951685632831,0.4285452693149164
charge,31020,0.002518009087244768,0.6574279323831431
