resname,n,mean,sem,std,min,max
CYS,300,-0.14553333333333332,0.032602024864560424,0.5646836349504251,-0.9399999999999998,2.3500000000000005
TRP,720,-0.19155555555555553,0.022006186603696024,0.5904879500569145,-1.9400000000000002,2.66
PRO,2160,-0.20852777777777778,0.014476737127160685,0.6728179416109912,-1.7899999999999996,4.200000000000001
GLU,1140,-0.2137280701754386,0.020323971711977203,0.6862162646062424,-1.6700000000000004,3.689999999999999
LEU,1980,-0.2213030303030303,0.016299741883887192,0.725292726596004,-1.9600000000000002,3.44
ILE,1140,-0.2219122807017544,0.022289976524997753,0.7525962270519592,-1.4600000000000002,3.78
PHE,1800,-0.22655,0.017515413820283612,0.743116073256667,-2.04,3.599999999999999
HIS,780,-0.22791025641025642,0.02323878865977957,0.6490240463431549,-1.66,3.3
GLY,2220,-0.22974774774774775,0.015120799976153298,0.7124448568554759,-2.15,3.5599999999999996
THR,2460,-0.23706097560975609,0.01773793076462902,0.879772755894669,-2.09,4.170000000000001
VAL,1620,-0.2404074074074074,0.019273377435443186,0.7757384778299076,-1.79,4.01
SER,2760,-0.2520398550724638,0.01620671310542034,0.851431052476167,-2.2800000000000002,4.1499999999999995
ASP,1500,-0.2617933333333333,0.02171073989499733,0.8408533404716562,-2.0799999999999996,4.11
TYR,1440,-0.26325,0.020291458716653783,0.7700067191028382,-1.6499999999999997,3.9800000000000004
ARG,1260,-0.266484126984127,0.021453842558315762,0.7615358653743242,-2.22,3.02
GLN,1500,-0.26764,0.022169445159679002,0.858618918980954,-2.42,3.8700000000000006
ASN,2640,-0.2719848484848485,0.017429021718970917,0.8955193503951493,-2.32,4.299999999999999
ALA,1800,-0.28299444444444444,0.02038641864283026,0.8649224919871878,-2.2199999999999998,3.75
MET,660,-0.29768181818181816,0.031044927785843796,0.797558635594054,-1.7,3.16
LYS,1140,-0.3052543859649123,0.026515829577298727,0.8952774478989624,-2.450000000000001,3.3299999999999996
