residue_class,n,mean,sem,std,min,max
Special,4380,-0.051630136986301374,0.0022595372969333,0.14953972223960754,-0.39999999999999997,2.31
Polar_uncharged,9360,-0.07303739316239316,0.0023379747583754822,0.22619226133246992,-0.62,2.86
Aliphatic,6540,-0.08102293577981651,0.0018035939890968474,0.14585712651389737,-0.45,2.4400000000000004
Aromatic,3960,-0.08416161616161617,0.002313903357367918,0.14561053890108558,-0.7300000000000001,1.5500000000000003
Sulfur,960,-0.08811458333333334,0.0025904072328976737,0.08026083258326343,-0.31,0.78
Basic,3030,-0.12237293729372938,0.0038972364654903903,0.21452507957318773,-0.66,2.26
Acidic,2640,-0.14074242424242425,0.003604831945393741,0.1852196189823379,-0.6199999999999999,1.89
