property,n,spearman_r,p_value
hydropathy,30870,0.06456880192228334,6.92115679262064e-30
volume_A3,30870,-0.0185752523988141,0.0010993053773028301
mw_Da,30870,-0.06228344382260619,6.406596320111649e-28
charge,30870,0.06456880192228334,6.92115679262064e-30
