region_type,na_per_frame,cl_per_frame,net_ion_charge_per_frame,n_region_residues,net_ion_charge_per_100res
3F,80.49500998003992,17.94610778443114,62.54890219560879,4752,1.3162647768436193
5F,52.137724550898206,0.8483033932135728,51.289421157684636,1113,4.60821394049278
neither,210.53692614770458,10.926147704590818,199.61077844311376,24855,0.8031011001533443
