region_type,na_per_frame,cl_per_frame,net_ion_charge_per_frame,n_region_residues,net_ion_charge_per_100res
3F,196.36127744510978,24.986027944111775,171.375249500998,20828,0.8228118374351738
5F,120.66666666666667,3.8403193612774453,116.82634730538922,8116,1.4394572117470334
neither,26.14171656686627,0.8942115768463074,25.247504990019962,1776,1.4215937494380608
