region_type,n_residues,n_regions,mean_gamma23,sem_gamma23
3F,4982,20,0.005704890950655506,0.0025321876421275542
5F,993,12,-0.03549563925053084,0.004094044415299806
