region_type,na_per_frame,cl_per_frame,net_ion_charge_per_frame,n_region_residues,net_ion_charge_per_100res
3F,10.664670658682635,111.12774451097805,-100.46307385229541,4962,-2.024648807986606
5F,5.0858283433133735,5.069860279441118,0.01596806387225591,1071,0.0014909490076802905
neither,17.868263473053894,240.87225548902197,-223.00399201596807,24987,-0.8924800576938731
