resname,n,mean,sem,std,min,max
SER,2760,-0.0013768115942028986,0.00222749375526458,0.11702294845922255,-0.14999999999999997,1.16
ALA,1800,-0.004405555555555557,0.002926980965579182,0.1241812853498993,-0.14000000000000004,1.1299999999999997
GLN,1500,-0.00562,0.002935957399689366,0.11370914114171347,-0.16,1.1
GLY,2220,-0.0060540540540540535,0.0018884863642788512,0.08897957777326819,-0.14,1.07
ASN,2640,-0.006462121212121216,0.0024177525703618762,0.12422637633585491,-0.14999999999999997,1.17
TRP,720,-0.008486111111111111,0.002713546073381513,0.07281208176190435,-0.13,1.09
ARG,1260,-0.010857142857142859,0.0035388508749888328,0.12561674470155493,-0.15,1.15
LEU,1980,-0.011151515151515155,0.0016253530657374267,0.07232364568270921,-0.11000000000000001,0.75
PRO,2160,-0.011759259259259263,0.001462797160814332,0.0679846685125608,-0.10000000000000002,0.7100000000000001
THR,2460,-0.0118739837398374,0.0023235874274722458,0.1152461886200296,-0.14999999999999997,1.16
PHE,1800,-0.012622222222222227,0.002173715612136403,0.09222294298276305,-0.12999999999999998,1.1299999999999997
HIS,780,-0.012935897435897438,0.003283048715070712,0.0916905606652692,-0.13,1.07
ASP,1500,-0.013233333333333337,0.003253257776620914,0.12599813189772568,-0.15999999999999998,1.2699999999999998
CYS,300,-0.013633333333333332,0.0007109563539332549,0.012314125269763188,-0.030000000000000006,0.12000000000000002
TYR,1440,-0.014326388888888895,0.002958639109667723,0.11227246033203246,-0.16000000000000003,1.1000000000000003
VAL,1620,-0.015123456790123457,0.0022609921242632666,0.09100317755599768,-0.14,1.11
GLU,1140,-0.015403508771929829,0.0030190613763756407,0.10193524423637011,-0.14000000000000007,1.1200000000000006
ILE,1140,-0.01605263157894737,0.002416295337617471,0.08158352039961747,-0.09000000000000001,0.7300000000000001
MET,660,-0.01703030303030303,0.003151053515573988,0.08095203055073656,-0.1,0.68
LYS,1140,-0.019131578947368427,0.004134988734631162,0.13961328838079973,-0.20000000000000007,1.2800000000000002
