resname,n,mean,sem,std,min,max
SER,2760,-0.00792753623188406,0.0018388556823675435,0.09660557441880938,-0.14999999999999997,0.75
ASN,2640,-0.010359848484848489,0.0021531083001617153,0.11062870753052625,-0.14999999999999997,0.8599999999999998
GLY,2220,-0.011364864864864864,0.0016338807697550205,0.0769833575579883,-0.14,0.7800000000000001
GLN,1500,-0.011593333333333334,0.002466199518235741,0.0955154966255178,-0.16,0.77
THR,2460,-0.012455284552845534,0.0020371808089344025,0.10104088229422258,-0.15999999999999998,0.75
ALA,1800,-0.012622222222222224,0.0025671768267319347,0.10891608856122681,-0.14000000000000004,0.75
TRP,720,-0.012958333333333334,0.0016511790542989527,0.044305783301235295,-0.14,0.65
CYS,300,-0.013133333333333332,0.0009195914624562204,0.015927791351807417,-0.030000000000000006,0.21
VAL,1620,-0.015339506172839508,0.0021534121601316614,0.08667316752532303,-0.14,0.76
ASP,1500,-0.015346666666666672,0.002757561398581786,0.1067998937285169,-0.17,0.93
HIS,780,-0.015705128205128205,0.0027515513485219297,0.07684664704703272,-0.13,0.79
LYS,840,-0.016035714285714292,0.004187063238698573,0.12135262170420227,-0.16999999999999998,0.93
PRO,2160,-0.016694444444444446,0.0012126602950159352,0.05635935752644428,-0.11000000000000003,0.59
LEU,1980,-0.016994949494949497,0.001320615146166094,0.058763664294195626,-0.11000000000000001,0.7799999999999999
PHE,1800,-0.017438888888888893,0.0018179185261796304,0.07712775105037625,-0.12999999999999998,0.85
ARG,1260,-0.019515873015873018,0.0026824306037404218,0.09521684078613844,-0.15,0.6999999999999998
ILE,1140,-0.02228070175438597,0.001788337286812652,0.06038121633919823,-0.09000000000000001,0.6400000000000001
GLU,1140,-0.025035087719298257,0.0020584579665855795,0.06950154018601018,-0.14000000000000007,0.64
MET,660,-0.025984848484848482,0.002718562535741408,0.06984113610248804,-0.1,0.61
TYR,1440,-0.027277777777777783,0.0019711367117329153,0.07479937906380908,-0.16000000000000003,0.5999999999999999
