region_type,n_residues,n_regions,mean_gamma23,sem_gamma23
3F,12515,20,-0.052351286282676504,0.0005399892105907801
5F,2396,12,-0.10129060636637498,0.001008541653047114
