region_type,n_residues,n_regions,mean_gamma23,sem_gamma23
3F,12317,20,-0.01653356130878963,0.0012098656576492283
5F,2323,12,-0.005582466929483623,0.003654319677538436
