region_type,n_residues,n_regions,mean_gamma23,sem_gamma23
3F,4962,20,0.009136813023102677,0.014261972647975235
5F,993,12,-0.08088685886135076,0.02090583388298322
