residue_class,n,mean,sem,std,min,max
Sulfur,780,0.011743589743589742,0.015273831621062852,0.4265749022892603,-0.9,1.43
Aromatic,3960,-0.05279545454545455,0.005805810028986348,0.3653510957517532,-1.07,1.7100000000000002
Special,4500,-0.07832,0.004711190660379089,0.31603627714709304,-1.1500000000000001,1.5600000000000003
Basic,3000,-0.12895,0.007097188040455366,0.3887289984613292,-1.4499999999999997,1.74
Acidic,2400,-0.14159166666666667,0.007621763189253288,0.3733886150799666,-1.4400000000000002,1.5199999999999998
Aliphatic,6240,-0.14162179487179488,0.004130003336882606,0.3262441233049379,-1.07,1.7100000000000002
Polar_uncharged,10260,-0.16258089668615983,0.00305969731728868,0.3099218145425158,-1.4499999999999997,1.64
