property,n,spearman_r,p_value
hydropathy,31140,0.03358671660605446,3.0604154633042942e-09
volume_A3,31140,0.023757138326343304,2.7561278227278208e-05
mw_Da,31140,0.031002021085820577,4.452955702064878e-08
charge,31140,0.03358671660605446,3.0604154633042942e-09
