resname,n,mean,sem,std,min,max
CYS,300,0.1571,0.02679913661898185,0.46417466223056186,-0.4699999999999999,1.43
PHE,1620,0.0432962962962963,0.009336068261807919,0.3757694989676546,-0.89,1.5100000000000002
HIS,720,-0.0034305555555555565,0.014616222369638188,0.3921944015131686,-0.7799999999999999,1.74
TRP,720,-0.04701388888888889,0.008926553435978831,0.2395245634515958,-0.7600000000000001,1.37
PRO,2040,-0.0593186274509804,0.007253180679770789,0.3275997636533587,-0.8100000000000003,1.41
MET,480,-0.07910416666666667,0.0170743689828987,0.3740806818840063,-0.9,1.11
ASP,1260,-0.08783333333333333,0.010485388989015512,0.3721943868951,-1.1299999999999997,1.5199999999999998
LEU,2100,-0.08927142857142857,0.0070948624563329996,0.3251274425144629,-0.82,1.7100000000000002
GLY,2460,-0.09407723577235773,0.006155180408990037,0.30528702041414785,-1.1500000000000001,1.5600000000000003
GLN,2040,-0.09934313725490196,0.008501039494976412,0.38396100308508363,-1.23,1.64
ARG,1260,-0.11420634920634921,0.011060361543898759,0.39260388794179146,-1.16,1.37
SER,2400,-0.12142916666666667,0.005009487975016786,0.24541378822798582,-0.9800000000000001,1.1500000000000001
ILE,1320,-0.13001515151515153,0.010187797106317082,0.37014105019697174,-1.07,1.5799999999999998
TYR,1620,-0.1514567901234568,0.00932046219229333,0.37514136678632287,-1.07,1.7100000000000002
VAL,1320,-0.17981060606060606,0.008021850710718089,0.29144830973787406,-0.88,0.88
ASN,2820,-0.18770212765957447,0.005907379103444812,0.3137035234078864,-1.4499999999999997,1.3700000000000006
ALA,1500,-0.19152000000000002,0.007829297719440163,0.3032273967989146,-0.8100000000000002,1.4499999999999997
GLU,1140,-0.20100877192982455,0.010833476635124554,0.36578027044158656,-1.4400000000000002,1.26
THR,3000,-0.21489,0.005172106982780312,0.2832879664298761,-1.4,0.9700000000000003
LYS,1020,-0.23576470588235296,0.010978371604419978,0.35062107173760904,-1.4499999999999997,0.88
