resname,n,mean,sem,std,min,max
TRP,720,-0.03473611111111111,0.004511346180642335,0.12105212075940369,-0.5,1.03
CYS,300,-0.03696666666666667,0.0018749646348702473,0.032475340099900975,-0.11000000000000001,0.0
GLY,2220,-0.04318018018018018,0.003961270159003864,0.18664267471616502,-0.39999999999999997,2.31
SER,2760,-0.05170289855072464,0.004344861597545163,0.22826035475533343,-0.45,2.86
PRO,2160,-0.060314814814814814,0.0020865093862565427,0.09697219325612458,-0.36,1.0600000000000003
LEU,1980,-0.07183333333333335,0.0022846589122029765,0.10166090380925603,-0.41,0.9600000000000001
GLN,1500,-0.07438666666666667,0.005420274892709247,0.20992634391329107,-0.62,2.53
THR,2460,-0.07731707317073172,0.004187446262741656,0.2076905805765844,-0.5,1.34
VAL,1620,-0.08181481481481481,0.003073601073147517,0.12371005683493475,-0.45,1.16
ILE,1140,-0.08303508771929825,0.0035059540384476456,0.11837463258851699,-0.32000000000000006,0.8699999999999999
PHE,1800,-0.08547777777777779,0.0034857939421032214,0.14788971205681054,-0.46000000000000013,1.5500000000000003
HIS,780,-0.08602564102564102,0.00485443272467581,0.13557692768740062,-0.39,1.11
ALA,1800,-0.08914444444444444,0.004896258160089611,0.20773064084635998,-0.4,2.4400000000000004
ASN,2640,-0.09058712121212122,0.004804737766704053,0.24687189637123852,-0.5199999999999998,1.7100000000000004
TYR,1440,-0.10722916666666668,0.0039007479879570447,0.1480229786431598,-0.7300000000000001,0.9499999999999998
MET,660,-0.11136363636363636,0.003294517897915602,0.0846376972666017,-0.31,0.78
ARG,1260,-0.12095238095238095,0.005715157150794561,0.20286795406231745,-0.5,2.26
GLU,1140,-0.1293421052631579,0.004906093071395562,0.16564876732630074,-0.6199999999999999,0.8800000000000003
ASP,1500,-0.1494066666666667,0.005123338530896805,0.19842604807146097,-0.5499999999999999,1.89
LYS,990,-0.1528181818181818,0.008534340020078784,0.2685267397905377,-0.66,1.5199999999999998
