region_type,n_residues,n_regions,mean_gamma23,sem_gamma23
3F,12551,20,-3.3797585365741534,0.028153154378956623
5F,2282,12,-2.8896072611214607,0.06466063989229878
