region_type,n_hbond_rows,hbonds_per_frame,n_region_residues,hbonds_per_frame_per_100res,length_mean,length_median,length_std,frac_under_3A
3F,127132,127.00499500499501,4962,2.559552499093007,3.1140836323886014,3.1066744731035794,0.2005804391944415,0.31741811660321556
5F,21637,21.615384615384617,993,2.176775892787978,3.1080699712545687,3.0993666227051375,0.20204313661798504,0.32758700374358735
neither,62157,62.094905094905094,9555,0.6498681851900062,3.11477044728257,3.1061378772584667,0.20054518533788207,0.31661759737439066
