region_type,n_hbond_rows,hbonds_per_frame,n_region_residues,hbonds_per_frame_per_100res,length_mean,length_median,length_std,frac_under_3.0A
3F,163684,163.5204795204795,12586,1.2992251670147745,3.1144255746320137,3.107104640246839,0.2005350349013544,0.3168483174897974
5F,40335,40.294705294705295,2263,1.780587949390424,3.109496593549,3.100261758430098,0.20169260796106417,0.3263170943349448
neither,6907,6.9000999000999,661,1.0438880332980183,3.120109476435498,3.1094775609886334,0.199310115754981,0.3036050383668742
