region_type,n_residues,n_regions,mean_gamma23,sem_gamma23
3F,12590,20,-0.535549640248106,0.0024077683953878833
5F,2308,12,-0.533558859637413,0.00898347588532283
