region_type,n_residues,n_regions,mean_gamma23,sem_gamma23
3F,12351,20,-0.015723339057032257,0.0010911158119404562
5F,2300,12,-0.0342556531139081,0.002656995904432458
