region_type,n_residues,n_regions,mean_gamma23,sem_gamma23
3F,12532,20,-0.009884843007215613,0.0012659444077174737
5F,2280,12,-0.021403234816674895,0.0028768046553457015
