region_type,na_per_frame,cl_per_frame,net_ion_charge_per_frame,n_region_residues,net_ion_charge_per_100res
3F,217.84231536926148,629.500998003992,-411.6586826347305,21049,-1.955716103542831
5F,85.90818363273453,108.92814371257485,-23.019960079840317,8225,-0.27987793410140205
neither,11.552894211576847,19.001996007984033,-7.449101796407186,1746,-0.42663813266936923
