region_type,n_residues,n_regions,mean_gamma23,sem_gamma23
3F,4703,20,-0.10971837305229179,0.013684010071667814
5F,1019,12,-0.15135844463952725,0.022649190585130746
