region_type,n_hbond_rows,hbonds_per_frame,n_region_residues,hbonds_per_frame_per_100res,length_mean,length_median,length_std,frac_under_3.0A
3F,150156,150.005994005994,20828,0.7202131457940946,3.1129176983807185,3.103301356516627,0.20006229486495877,0.31996723407656036
5F,56677,56.62037962037962,8116,0.6976389800441058,3.113115230305527,3.1037195787158884,0.19923535547858498,0.3163364327681423
neither,6988,6.981018981018981,1776,0.3930753930753931,3.1156851348444015,3.107540916161186,0.19779216391720167,0.3069547796222095
