region_type,n_residues,n_regions,mean_gamma23,sem_gamma23
3F,4991,20,0.0204353438022187,0.002930917850142126
5F,1008,12,0.025143401794439576,0.006998623077419386
