region_type,n_residues,n_regions,mean_gamma23,sem_gamma23
3F,12366,20,-0.3210662514865518,0.008681655733403446
5F,2313,12,-0.5097730763165575,0.013372526142339638
