residue_class,n,mean,sem,std,min,max
Acidic,2640,-2.8581287878787878,0.06232021088718825,3.202070412789567,-16.680000000000003,12.800000000000002
Polar_uncharged,9360,-3.0185641025641026,0.03499544187183401,3.3857072686359024,-17.47,14.78
Special,4380,-3.0775525114155253,0.03920242580590784,2.5944780261387,-13.789999999999996,11.94
Basic,3030,-3.1853993399339933,0.05845737571669723,3.217811720769225,-18.37,15.259999999999998
Aliphatic,6540,-3.2711085626911314,0.03617963022266536,2.925856337132628,-15.660000000000004,13.220000000000002
Aromatic,3960,-3.3908636363636364,0.043663042513871195,2.7476511195946567,-15.559999999999999,11.75
Sulfur,960,-3.641479166666667,0.08625469099834909,2.6725038541509827,-14.07,8.87
