property,n,spearman_r,p_value
hydropathy,30870,-0.027600527541434505,1.233981683374348e-06
volume_A3,30870,-0.03881573867987068,8.96780690753455e-12
mw_Da,30870,-0.023744697856294683,3.0150110830208557e-05
charge,30870,-0.027600527541434505,1.233981683374348e-06
