residue_class,n,mean,sem,std,min,max
Acidic,2400,0.013708333333333333,0.0035692886440348483,0.17485871845191678,-0.21,1.6499999999999995
Polar_uncharged,10260,-0.006021442495126707,0.0014473867630596035,0.14660820513767436,-0.25,1.6999999999999997
Aliphatic,6240,-0.010128205128205132,0.0012407935159644602,0.09801483432307045,-0.21000000000000002,1.03
Basic,2940,-0.01237414965986395,0.002391484065957839,0.12967049144245155,-0.29,1.32
Special,4500,-0.015426666666666667,0.0013796662050193432,0.09255082262047239,-0.21,1.3699999999999999
Aromatic,3960,-0.029686868686868692,0.0011390078433220398,0.07167609025268143,-0.2800000000000001,1.0300000000000002
Sulfur,780,-0.030461538461538464,0.002398677072956862,0.06699140486850937,-0.16,1.03
