property,n,spearman_r,p_value
hydropathy,31080,0.017534668266815493,0.0019922091775404866
volume_A3,31080,-0.053530407447099485,3.603743562032486e-21
mw_Da,31080,-0.05659326358653358,1.7779858381431395e-23
charge,31080,0.017534668266815493,0.0019922091775404866
