resname,n,mean,sem,std,min,max
GLU,1140,0.034131578947368416,0.006723807473737318,0.2270218692461804,-0.21,1.6499999999999995
LYS,960,0.026291666666666658,0.006123635520567937,0.18973390711523047,-0.29,1.32
THR,3000,0.01317,0.003386222950223874,0.1854710694579309,-0.22000000000000006,1.4499999999999997
ILE,1320,0.0019772727272727247,0.0035015183764575686,0.12721648022832757,-0.18000000000000002,1.02
VAL,1320,-0.0011136363636363637,0.002648452975798444,0.09622307507984058,-0.17,1.03
ASP,1260,-0.004769841269841271,0.0029432728224721154,0.10447582104704296,-0.21,0.6500000000000001
ASN,2820,-0.006482269503546101,0.0030081462703201887,0.15974361343687063,-0.25,1.6999999999999997
ALA,1500,-0.0075200000000000015,0.0028369503838704324,0.10987461590746923,-0.21000000000000002,0.72
GLY,2460,-0.007947154471544714,0.0023459571749326435,0.11635569201324085,-0.21,1.3699999999999999
GLN,2040,-0.01768627450980392,0.002783791038539277,0.12573370588013874,-0.24,1.21
SER,2400,-0.019554166666666668,0.0014040340012673605,0.06878333769246446,-0.2,0.6799999999999999
CYS,300,-0.020066666666666667,0.0018342665102488755,0.031770427903731115,-0.05,0.41
PRO,2040,-0.024446078431372555,0.0010899780356334382,0.04923033943670498,-0.14999999999999997,0.7699999999999998
TRP,720,-0.025249999999999998,0.001164790033163412,0.03125459632401149,-0.19000000000000003,0.11
LEU,2100,-0.02526666666666667,0.0013035029395780668,0.059734008892139395,-0.17,0.84
PHE,1620,-0.025530864197530867,0.001718160374292889,0.06915462107697688,-0.20000000000000004,0.82
HIS,720,-0.028694444444444446,0.0019299332131221722,0.0517855422789092,-0.15,0.64
ARG,1260,-0.032507936507936507,0.002612699851163606,0.09274164461265832,-0.26,0.9
TYR,1620,-0.03581481481481482,0.002120305898147292,0.08534066618431962,-0.2800000000000001,1.0300000000000002
MET,480,-0.03695833333333333,0.0036964449802161597,0.08098505192964513,-0.16,1.03
