region_type,n_hbond_rows,hbonds_per_frame,n_region_residues,hbonds_per_frame_per_100res,length_mean,length_median,length_std,frac_under_3.0A
3F,18352,18.333666333666333,21039,0.08714133910198361,3.119380355015444,3.1137101228749557,0.19909789659613747,0.30443548387096775
5F,9664,9.654345654345654,8241,0.11715017175519542,3.105128904472635,3.0946300240741103,0.20206078907640385,0.33133278145695366
neither,827,0.8261738261738262,1740,0.0474812543778061,3.1065480530907434,3.0849560704816277,0.19865367493296743,0.3301088270858525
