region_type,n_residues,n_regions,mean_gamma23,sem_gamma23
3F,12590,20,-0.21927438919489892,0.0030762948426046096
5F,2308,12,-0.3136108319139188,0.009456392203239851
