resname,n,mean,sem,std,min,max
SER,2760,-0.005420289855072465,0.0022256814503551544,0.11692773774830277,-0.14999999999999997,1.2899999999999998
GLY,2220,-0.006342342342342342,0.0021208556910086475,0.09992809451713751,-0.14,1.4800000000000002
ASN,2640,-0.0069621212121212155,0.0024545262057677794,0.12611583993406236,-0.15999999999999998,1.1999999999999997
THR,2460,-0.007231707317073176,0.0024790205041680165,0.12295541852155277,-0.15999999999999998,1.5199999999999998
GLN,1500,-0.008766666666666667,0.0028728613945156497,0.11126544336921328,-0.17,0.9699999999999999
ALA,1800,-0.009766666666666668,0.002950840821310845,0.1251935732970588,-0.14000000000000004,1.41
VAL,1620,-0.011111111111111112,0.0027289581344744074,0.10983844613584418,-0.15,0.99
TRP,720,-0.01152777777777778,0.0023571535004902346,0.06324906552597298,-0.13,1.05
HIS,780,-0.013410256410256411,0.003275960799006206,0.0914926059425995,-0.14,1.29
CYS,300,-0.014833333333333334,0.0005616076885495589,0.009727330504891541,-0.030000000000000006,0.0
PRO,2160,-0.01576851851851852,0.0014102690962102505,0.06554338467951942,-0.10000000000000002,0.9499999999999996
PHE,1800,-0.016211111111111117,0.0020660126588184133,0.08765349366406495,-0.12999999999999998,0.9499999999999998
LEU,1980,-0.01644444444444445,0.001474113556351592,0.0655939123585313,-0.12000000000000001,0.9800000000000001
ASP,1500,-0.01664666666666667,0.003053873456445861,0.118276010382397,-0.17,1.01
ARG,1260,-0.0168968253968254,0.0032119200867524616,0.11401185294100682,-0.15,1.16
ILE,1140,-0.017570175438596496,0.002823861192068859,0.09534452745995817,-0.09000000000000001,0.9899999999999998
GLU,1140,-0.02085964912280703,0.0029720441599696236,0.10034776030008286,-0.14000000000000007,1.0800000000000003
LYS,840,-0.021107142857142863,0.004036707660521149,0.11699490304568187,-0.18000000000000005,0.9699999999999996
MET,660,-0.02528787878787879,0.0034436537760042874,0.08846906734634692,-0.11,0.9699999999999999
TYR,1440,-0.025527777777777785,0.002553307699160177,0.09689121475908184,-0.16000000000000003,1.0500000000000003
