region_type,na_per_frame,cl_per_frame,net_ion_charge_per_frame,n_region_residues,net_ion_charge_per_100res
3F,208.63273453093814,633.1177644710579,-424.4850299401197,21039,-2.0176102948815045
5F,84.37325349301398,106.22754491017965,-21.85429141716567,8241,-0.26518979998987585
neither,10.42315369261477,19.704590818363272,-9.281437125748502,1740,-0.5334159267671552
