residue_class,n,mean,sem,std,min,max
Special,4380,-1.4097876712328767,0.022760599682247647,1.5063321854034817,-7.079999999999999,6.519999999999998
Acidic,2640,-1.4209583333333333,0.03473935334636243,1.784940293465817,-7.25,5.590000000000001
Polar_uncharged,9360,-1.5059700854700855,0.019270936151936577,1.8644070516950075,-7.129999999999998,7.580000000000001
Basic,3030,-1.5316765676567656,0.0315836228137462,1.7385342812335334,-7.580000000000004,5.8100000000000005
Aromatic,3960,-1.5403863636363637,0.025572739474421475,1.6092549259634013,-7.12,5.0
Aliphatic,6540,-1.5533119266055047,0.020691930926788775,1.6733619679652831,-7.33,7.029999999999999
Sulfur,960,-1.7105625000000002,0.05099578340942443,1.5800465589720105,-6.08,5.64
