resname,n,mean,sem,std,min,max
GLU,1140,-1.3407280701754387,0.047809077717735154,1.6142202513694661,-7.0699999999999985,4.909999999999998
CYS,300,-1.3536666666666668,0.06638442204427451,1.1498119181177886,-3.8299999999999996,2.2100000000000004
GLY,2220,-1.377837837837838,0.03344340969693084,1.5757489862881158,-7.079999999999999,6.519999999999998
SER,2760,-1.4038007246376811,0.035561257233194074,1.8682356179494328,-7.0,6.570000000000001
PRO,2160,-1.442625,0.030792504671382195,1.4311062933633278,-5.930000000000001,5.579999999999999
PHE,1800,-1.4545388888888888,0.03848269480132198,1.6326824671408242,-7.12,4.870000000000001
HIS,780,-1.4650897435897436,0.051102481044191066,1.4272146242664723,-6.45,4.78
LEU,1980,-1.4673535353535354,0.03515597941089095,1.5643423279164943,-6.45,5.83
TRP,720,-1.4699583333333333,0.045523922930842516,1.221535035309904,-6.95,3.34
ASP,1500,-1.4819333333333333,0.049128812336712326,1.9027507199903633,-7.25,5.590000000000001
ASN,2640,-1.5285189393939393,0.03783922721988277,1.944214696945402,-7.129999999999998,6.019999999999998
LYS,990,-1.5400606060606061,0.06331304471462396,1.9920984450387018,-7.580000000000004,5.8100000000000005
VAL,1620,-1.5469691358024693,0.04036040452229626,1.6244749460023986,-7.33,5.48
ILE,1140,-1.5471754385964913,0.04736032846502233,1.599068732743805,-6.42,5.86
THR,2460,-1.5596341463414634,0.036206545357555305,1.7957862511314162,-6.909999999999998,5.5
GLN,1500,-1.5662666666666667,0.04694030147698218,1.817990058863074,-6.82,7.580000000000001
ARG,1260,-1.5663095238095237,0.0478922517291525,1.7000062933317404,-7.22,4.75
ALA,1800,-1.657461111111111,0.04392589146341081,1.863617743406524,-6.22,7.029999999999999
TYR,1440,-1.6829097222222222,0.04575536732277979,1.7362941110114976,-6.52,5.0
MET,660,-1.8727878787878787,0.06684304741882457,1.7172289807230872,-6.08,5.64
