region_type,n_residues,n_regions,mean_gamma23,sem_gamma23
3F,12326,20,-0.20369626148582706,0.005307782945818577
5F,2314,12,-0.1871093822803515,0.012359517504573462
