residue_class,n,mean,sem,std,min,max
Acidic,2700,-0.19233703703703706,0.007026394026377546,0.36510214343053093,-1.43,1.5300000000000002
Special,4200,-0.20223095238095237,0.0034908836433427824,0.22623511700817878,-1.24,1.0600000000000003
Basic,3420,-0.2065964912280702,0.007046397747584624,0.41207873830459457,-1.5799999999999996,1.67
Sulfur,780,-0.25343589743589745,0.0073985676667907355,0.20663074975826665,-0.84,0.75
Aliphatic,6180,-0.2582362459546926,0.00346709295065852,0.27255849501743123,-1.1299999999999997,1.15
Polar_uncharged,9960,-0.26125000000000004,0.0034003931245828144,0.3393585523911728,-1.47,1.4200000000000002
Aromatic,3900,-0.2685923076923077,0.004722884568036143,0.294944046740524,-1.1700000000000004,1.5599999999999998
