property,n,spearman_r,p_value
hydropathy,31140,-0.016342477061977376,0.003927125847459277
volume_A3,31140,-0.025138473483200023,9.139466981442714e-06
mw_Da,31140,-0.006275848231708544,0.26810553239899537
charge,31140,-0.016342477061977376,0.003927125847459277
