resname,n,mean,sem,std,min,max
GLU,1140,-0.1253859649122807,0.010629260093557736,0.35888512640622056,-1.43,1.5300000000000002
CYS,300,-0.1688666666666667,0.006758795967350951,0.11706578013443487,-0.4,0.030000000000000006
ARG,1500,-0.18244666666666667,0.011712171886807754,0.4536104666552513,-1.25,1.67
TRP,720,-0.19168055555555555,0.006650081730217953,0.17844041765636115,-1.04,0.5
GLY,2220,-0.19925225225225224,0.005648386170928071,0.2661343105760095,-1.24,0.96
HIS,840,-0.20286904761904762,0.008299681094851366,0.24054761123743434,-1.03,1.0100000000000002
PHE,1620,-0.20469135802469138,0.007907073243167919,0.31825355894627744,-1.0799999999999996,1.5599999999999998
PRO,1980,-0.2055707070707071,0.0038375801459019122,0.1707615364328767,-0.9600000000000003,1.0600000000000003
ASN,2460,-0.2288008130081301,0.007600502838646982,0.3769726817220193,-1.47,1.4200000000000002
LEU,1920,-0.22895833333333335,0.005718562734804635,0.2505748645088745,-0.83,1.0799999999999998
ASP,1560,-0.24126282051282052,0.009163770673178435,0.3619399411545291,-1.4000000000000001,1.16
LYS,1080,-0.24303703703703705,0.013779691374616172,0.4528468680801988,-1.5799999999999996,1.6599999999999995
VAL,1740,-0.2506264367816092,0.006161409333093249,0.2570127604763541,-1.02,1.15
SER,2880,-0.2635486111111111,0.0048424302101038015,0.25987207502617654,-1.07,1.0999999999999999
THR,2700,-0.2660222222222222,0.006628581662700763,0.34443120665751326,-1.3900000000000001,1.2200000000000002
ILE,1140,-0.2759473684210526,0.008979920372087185,0.3031970080219958,-1.1299999999999997,0.9200000000000003
GLN,1920,-0.29266666666666663,0.008690896110700811,0.38081598758117996,-1.31,1.04
ALA,1380,-0.29393478260869565,0.007776959263118424,0.28890121430115306,-0.9499999999999998,0.82
MET,480,-0.3062916666666667,0.01056761523960058,0.23152484983058394,-0.84,0.75
TYR,1560,-0.3704487179487179,0.007176304952029647,0.28344133486959755,-1.1700000000000004,0.93
