region_type,n_residues,n_regions,mean_gamma23,sem_gamma23
3F,12579,20,-0.07147821075621742,0.0005026730128479736
5F,2343,12,-0.04305781705858582,0.0030578060010537154
