region_type,n_residues,n_regions,mean_gamma23,sem_gamma23
3F,12392,20,-0.06674469775214635,0.003665597427630266
5F,2344,12,-0.04323064502548246,0.008530342227016582
