region_type,n_hbond_rows,hbonds_per_frame,n_region_residues,hbonds_per_frame_per_100res,length_mean,length_median,length_std,frac_under_3.0A
3F,70630,70.55944055944056,12392,0.5693950981233099,3.115377934774171,3.108085295085938,0.2003259319573765,0.3141016565198924
5F,18092,18.073926073926074,2344,0.7710719314814878,3.1191626393817633,3.1136411657862,0.20167974457846852,0.3077603360601371
neither,3388,3.3846153846153846,699,0.4842082095300979,3.1333821917512186,3.1307121075775273,0.19579224771940654,0.275974025974026
