region_type,n_hbond_rows,hbonds_per_frame,n_region_residues,hbonds_per_frame_per_100res,length_mean,length_median,length_std,frac_under_3A
3F,55601,55.54545454545455,4711,1.179058682773393,3.115347485407028,3.10781910520201,0.19939003861573962,0.3131598352547616
5F,10123,10.112887112887114,1020,0.9914595208712856,3.1133312291977404,3.1074735313799824,0.20244332504494225,0.3185814481872963
neither,26386,26.35964035964036,9704,0.27163685448928643,3.1211341355704842,3.115947376762438,0.20186864425256015,0.3051239293564769
