region_type,prot_resname,count,share_of_region,length_mean,n_suc_donor,n_prot_donor
3F,ASN,19254,0.27260370947189577,3.133054505967218,6407,12847
3F,SER,13628,0.1929491717400538,3.10108257724147,7067,6561
3F,GLN,9181,0.12998725753928925,3.1258650264301613,3825,5356
3F,ALA,6052,0.0856859691349285,3.1154386209842824,3348,2704
3F,THR,5336,0.07554863372504601,3.092261219601292,2884,2452
3F,ARG,3594,0.050884893104912926,3.094745717590918,1081,2513
3F,GLY,3020,0.04275803482939261,3.1147057931363777,1795,1225
3F,TYR,2928,0.041455472178960784,3.0970210534811344,677,2251
3F,ASP,2031,0.02875548633725046,3.1272996883971005,1304,727
3F,LYS,1611,0.022809004672235594,3.0844088705766106,458,1153
3F,PHE,1506,0.021322384255981878,3.114725061394069,439,1067
3F,TRP,754,0.010675350417669545,3.1671420205594822,108,646
3F,HISE,601,0.008509132096842701,3.1205215814335308,121,480
3F,PRO,494,0.006994195101231771,3.100146882532748,494,0
3F,GLU,192,0.00271839161829251,3.1433393882641396,103,89
3F,ILE,173,0.0024493841143989805,3.1354101094556204,9,164
3F,GLUH,124,0.0017556279201472462,3.0191327619503165,71,53
3F,VAL,97,0.001373354098824862,3.131088695179359,97,0
3F,LEU,53,0.0007503893529661617,3.1996793148157514,53,0
3F,MET,1,1.4158289678606825e-05,3.3926589395972995,1,0
5F,ASN,6114,0.33793942073844796,3.1347734824333946,2549,3565
5F,THR,3744,0.20694229493698874,3.1049745341786115,1699,2045
5F,SER,2055,0.11358611541012602,3.090905600857011,1425,630
5F,ALA,1684,0.09307981428255582,3.1210645091738587,867,817
5F,PHE,1606,0.08876851647136856,3.1121382173405463,779,827
5F,GLY,905,0.05002210921954455,3.1261986833166304,543,362
5F,ASP,685,0.037862038470042006,3.139353013321816,574,111
5F,PRO,507,0.028023435772717223,3.0801236545714965,507,0
5F,GLU,262,0.0144815388016803,3.139494832129613,190,72
5F,LYS,200,0.011054609772275039,3.0269548962346615,3,197
5F,GLN,146,0.008069865133760777,3.1832903105032178,80,66
5F,VAL,118,0.006522219765642273,3.245263043787531,117,1
5F,LEU,66,0.0036480212248507626,3.305359980507184,66,0
neither,THR,1834,0.5413223140495868,3.1439460121470226,425,1409
neither,ASN,738,0.21782762691853602,3.123103380239331,406,332
neither,GLU,267,0.07880755608028335,3.1015507921603955,267,0
neither,SER,254,0.07497048406139316,3.1326822976946485,215,39
neither,ALA,152,0.0448642266824085,3.106294020932067,14,138
neither,ASP,78,0.023022432113341203,3.174211511689573,78,0
neither,GLN,65,0.019185360094451005,3.099862008371324,48,17
