residue_class,n,mean,sem,std,min,max
Special,4500,-0.032146666666666664,0.0008236658831985769,0.05525318716738259,-0.19999999999999998,0.8899999999999999
Aliphatic,6240,-0.037806089743589746,0.0005425313149846925,0.04285654000373201,-0.19,0.38999999999999996
Acidic,2400,-0.039941666666666674,0.0018637779283310649,0.09130609836545249,-0.20000000000000007,1.15
Sulfur,780,-0.04078205128205128,0.0013270293119977922,0.03706191171570943,-0.15,0.08999999999999998
Polar_uncharged,10260,-0.04612085769980507,0.0006942907450248228,0.07032586076483023,-0.22000000000000006,0.9299999999999999
Aromatic,3960,-0.04693939393939395,0.0007729612536169867,0.0486413161251713,-0.25,0.16999999999999998
Basic,3000,-0.05168333333333334,0.00122117761884889,0.0668866528563983,-0.25,0.6799999999999999
