property,n,spearman_r,p_value
hydropathy,31140,0.0852509891161876,2.525094439065675e-51
volume_A3,31140,-0.05213945839333221,3.3631232782586966e-20
mw_Da,31140,-0.0800809321615847,1.772537761912239e-45
charge,31140,0.0852509891161876,2.525094439065675e-51
