resname,n,mean,sem,std,min,max
CYS,300,-0.018766666666666668,0.0009146623471073382,0.0158424165696011,-0.05,0.08999999999999998
TRP,720,-0.025972222222222223,0.0011885648073520338,0.031892540458837076,-0.16,0.04
GLY,2460,-0.031272357723577233,0.001384481044153321,0.06866802671975424,-0.19999999999999998,0.8899999999999999
PRO,2040,-0.03320098039215687,0.0007165998012717862,0.03236620400004976,-0.14000000000000007,0.14999999999999997
GLU,1140,-0.03358771929824562,0.0034187746093737154,0.11543111628090659,-0.20000000000000007,1.15
HIS,720,-0.03384722222222222,0.001343812547785047,0.036058274470374595,-0.12,0.09000000000000001
ILE,1320,-0.034886363636363646,0.0013283550594298552,0.04826153599259995,-0.17,0.38999999999999996
LEU,2100,-0.03547142857142858,0.0007462989416025856,0.03419971390959276,-0.15,0.14000000000000004
VAL,1320,-0.03573484848484849,0.0012104204811839608,0.0439767599815617,-0.14,0.22
PHE,1620,-0.04000617283950617,0.0011707128639195693,0.04712028382543712,-0.16999999999999998,0.07000000000000002
SER,2400,-0.04002083333333333,0.0009174541211743115,0.04494588918581262,-0.2,0.24000000000000005
THR,3000,-0.04149333333333334,0.0015072390201608292,0.082554881089407,-0.21,0.9299999999999999
ALA,1500,-0.04546666666666667,0.0012049437363434515,0.046667270239751285,-0.19,0.23000000000000004
ASP,1260,-0.0456904761904762,0.0017278382796251577,0.0613321746873361,-0.17,0.33
ASN,2820,-0.05174113475177305,0.0014489047151423455,0.07694216102660527,-0.22000000000000006,0.92
GLN,2040,-0.052333333333333336,0.0014246783041887174,0.06434753197807294,-0.21,0.58
LYS,1020,-0.054421568627450984,0.002664719854533375,0.08510432739412994,-0.25,0.6799999999999999
MET,480,-0.05454166666666667,0.0018165461181457794,0.03979853142627552,-0.15,0.06
ARG,1260,-0.05965873015873016,0.0017367636147529316,0.061648992655576974,-0.25,0.19000000000000003
TYR,1620,-0.06319135802469136,0.001268245346506767,0.051045890524864315,-0.25,0.16999999999999998
