region_type,n_residues,n_regions,mean_gamma23,sem_gamma23
3F,4711,20,0.021206436317073415,0.007875949548638319
5F,1020,12,0.004265730169722057,0.013945613318546048
