resname,n,mean,sem,std,min,max
ASN,2640,0.01629924242424242,0.0035727517304751637,0.18357130769512717,-0.14999999999999997,1.8999999999999992
SER,2760,0.014231884057971015,0.0029451978445184743,0.1547280367214142,-0.14999999999999997,1.3700000000000003
ALA,1800,0.014077777777777778,0.004009556750721795,0.17011108607926084,-0.14000000000000004,1.7399999999999998
THR,2460,0.0073089430894308915,0.0033541305574464777,0.16635946567338664,-0.14999999999999997,2.2100000000000004
GLN,1500,0.0044933333333333336,0.0037397857294108406,0.14484127848392342,-0.17,1.47
HIS,780,0.004397435897435896,0.0050897634881282156,0.14214935822846622,-0.13,1.24
GLY,2220,0.0037792792792792794,0.0025538304396150024,0.12032851203997841,-0.14,1.8700000000000006
VAL,1620,-6.172839506173205e-06,0.003186761008433,0.12826465637223544,-0.14,2.04
PHE,1800,-0.0015888888888888927,0.0031467148774120463,0.1335038056967192,-0.12000000000000002,1.5
TRP,720,-0.002861111111111112,0.003608032608343865,0.09681367412751309,-0.13,1.28
ASP,1500,-0.0031266666666666704,0.0036784376084414536,0.14246527597556788,-0.15999999999999998,1.2200000000000002
ARG,1260,-0.0038492063492063504,0.0038949860450442153,0.1382582891792473,-0.15,1.32
TYR,1440,-0.0041180555555555606,0.003775300715941673,0.14326258937328049,-0.14999999999999997,1.2100000000000002
PRO,2160,-0.00503240740740741,0.0024420969200984206,0.1134984084163873,-0.10000000000000002,1.8000000000000003
LEU,1980,-0.005257575757575761,0.002417685901324145,0.10758023114203583,-0.11000000000000001,1.2600000000000002
LYS,1140,-0.00564035087719299,0.0047888612472960675,0.1616905653780505,-0.18999999999999997,1.1499999999999995
ILE,1140,-0.007947368421052637,0.003621835285511794,0.12228723380766801,-0.09000000000000001,1.45
GLU,1140,-0.010429824561403513,0.0036077196583597735,0.1218106353812332,-0.14999999999999997,1.5599999999999996
MET,660,-0.011045454545454546,0.0046309467209189326,0.11897117537922064,-0.1,0.92
CYS,300,-0.013199999999999998,0.0006346375118604505,0.010992244149313962,-0.030000000000000006,0.08999999999999998
