region_type,n_residues,n_regions,mean_gamma23,sem_gamma23
3F,12366,20,-0.0072834902652278094,0.0006884837892632733
5F,2313,12,-0.017200042037026353,0.0013011325073475823
