region_type,n_residues,n_regions,mean_gamma23,sem_gamma23
3F,12376,20,-0.011208040985264544,0.00046345954055602176
5F,2304,12,-0.013946709840817254,0.0014404689096934413
