residue_class,n,mean,sem,std,min,max
Special,4500,-0.029831111111111114,0.0005981734252821747,0.040126693237945016,-0.18999999999999997,0.29
Aliphatic,6240,-0.037897435897435904,0.0005216613845074831,0.04120794758949162,-0.16999999999999998,0.25
Polar_uncharged,10260,-0.03914522417153997,0.0005653465305163163,0.05726488747527353,-0.22000000000000006,0.3
Sulfur,780,-0.03942307692307692,0.001365908552075577,0.03814774979804045,-0.15,0.2
Aromatic,3960,-0.04039646464646465,0.0007420229245280069,0.04669441252740398,-0.2300000000000001,0.27
Basic,2940,-0.04585374149659864,0.001101375219410938,0.05971851035785743,-0.24000000000000005,0.3
Acidic,2400,-0.04675000000000001,0.0011828643439272743,0.05794828155107624,-0.2599999999999999,0.20000000000000004
