property,n,spearman_r,p_value
hydropathy,31080,0.051041001241671796,2.1805587181373566e-19
volume_A3,31080,-0.056889361579388585,1.047634315409838e-23
mw_Da,31080,-0.07009388838256655,3.7076735677009717e-35
charge,31080,0.051041001241671796,2.1805587181373566e-19
