resname,n,mean,sem,std,min,max
TRP,720,-0.01865277777777778,0.0011821062565416176,0.031719239355058354,-0.15,0.27
CYS,300,-0.020066666666666667,0.0008486244799613047,0.014698607158396965,-0.05,0.030000000000000006
GLY,2460,-0.028097560975609757,0.000934592125034196,0.04635426197053297,-0.18999999999999997,0.29
HIS,720,-0.028944444444444443,0.0012224382017906128,0.032801459009956985,-0.12,0.16000000000000003
LEU,2100,-0.0310952380952381,0.0008066120266815803,0.03696360668730081,-0.15,0.24000000000000002
PRO,2040,-0.031921568627450984,0.0006836470874686346,0.030877849893036068,-0.14999999999999997,0.21
PHE,1620,-0.03270987654320988,0.001114674753595403,0.044864793393158686,-0.16999999999999998,0.20000000000000004
SER,2400,-0.032904166666666665,0.0009248602407414637,0.04530871346408392,-0.16999999999999998,0.27
THR,3000,-0.03791666666666667,0.0010308932151364715,0.05646434683092716,-0.20000000000000004,0.29999999999999993
ILE,1320,-0.041007575757575764,0.0010982894707983711,0.03990283806197082,-0.16000000000000003,0.16000000000000003
VAL,1320,-0.041090909090909095,0.0011385181863058894,0.041364419878985516,-0.14,0.12
ALA,1500,-0.04187333333333333,0.0011971420888664131,0.04636511373223577,-0.16999999999999998,0.25
ASN,2820,-0.04266666666666667,0.0011808073282976934,0.06270520528077021,-0.22000000000000006,0.28000000000000014
GLN,2040,-0.043426470588235296,0.0013782291415768725,0.062249592416746914,-0.21,0.3
ARG,1260,-0.04391269841269842,0.0016632800413641938,0.059040584558086806,-0.22,0.3
ASP,1260,-0.044650793650793656,0.0015393822666591843,0.05464264983746678,-0.17,0.20000000000000004
GLU,1140,-0.04907017543859649,0.0018166106437498102,0.06133583474057408,-0.2599999999999999,0.16999999999999998
MET,480,-0.051520833333333335,0.00196346876774002,0.043017445401923225,-0.15,0.2
TYR,1620,-0.057746913580246924,0.0011919140425600805,0.047973614805016516,-0.2300000000000001,0.2300000000000001
LYS,960,-0.061083333333333344,0.002303701376073724,0.07137757651334914,-0.24000000000000005,0.16999999999999998
