residue_class,n,mean,sem,std,min,max
Polar_uncharged,9360,-0.006250000000000002,0.0012214474950999331,0.11817149437811147,-0.16,1.17
Special,4380,-0.0088675799086758,0.0011992123421701631,0.07936575368675099,-0.14,1.07
Aliphatic,6540,-0.011133027522935782,0.0011767419622851852,0.09516343606422709,-0.14000000000000004,1.1299999999999997
Aromatic,3960,-0.012489898989898994,0.0015417915384637409,0.09702267645447853,-0.16000000000000003,1.1299999999999997
Acidic,2640,-0.01417045454545455,0.002261623339783825,0.11620431121944251,-0.15999999999999998,1.2699999999999998
Basic,3180,-0.014333333333333337,0.002193949983776224,0.12372010576123503,-0.20000000000000007,1.2800000000000002
Sulfur,960,-0.01596875,0.0021777690390846287,0.06747570576208717,-0.1,0.68
