region_type,n_residues,n_regions,mean_gamma23,sem_gamma23
3F,4856,20,0.006182448526788529,0.00228700851928687
5F,999,12,-0.02562135777133347,0.004859764107065737
