residue_class,n,mean,sem,std,min,max
Acidic,2640,-0.2581174242424243,0.013368834986865853,0.6869031788483498,-1.91,3.15
Special,4380,-0.2601552511415525,0.008684383002640524,0.5747460879711112,-1.9000000000000001,2.7100000000000004
Polar_uncharged,9360,-0.27216666666666667,0.007154738486626239,0.6922001496102268,-2.07,3.36
Basic,3180,-0.27861320754716984,0.012190557143205508,0.6874436656253319,-2.1499999999999995,3.53
Aliphatic,6540,-0.2820519877675841,0.007923244991333539,0.6407549338087112,-1.8999999999999997,3.0499999999999994
Aromatic,3960,-0.28225,0.009821506177554725,0.618052954882632,-1.8500000000000003,2.9399999999999995
Sulfur,960,-0.2999791666666667,0.02042758515364859,0.632925576826519,-1.55,2.86
