region_type,n_hbond_rows,hbonds_per_frame,n_region_residues,hbonds_per_frame_per_100res,length_mean,length_median,length_std,frac_under_3.0A
3F,150719,150.56843156843158,20894,0.7206299969772737,3.1142302983598062,3.105146754151324,0.20080324080339576,0.31855306895613694
5F,54428,54.37362637362637,8102,0.6711136308766523,3.1171517112970797,3.109417211097525,0.2003392723456854,0.311971779231278
neither,5512,5.5064935064935066,1724,0.31940217555066747,3.1152148028037487,3.1105502742142277,0.1972558364098974,0.3100507982583454
