region_type,n_residues,n_regions,mean_gamma23,sem_gamma23
3F,12542,20,-0.1214539492782257,0.004349546362506161
5F,2274,12,0.1419699505057745,0.013465293906189283
