residue_class,n,mean,sem,std,min,max
Polar_uncharged,9360,-2.662166666666667,0.0309097539984999,2.9904288440688944,-14.76,14.25
Acidic,2640,-2.6735189393939396,0.05380727749591623,2.764667975439273,-13.400000000000002,9.700000000000001
Special,4380,-2.7346095890410957,0.03427238902760126,2.2682004597273773,-12.03,11.53
Basic,2880,-2.9295694444444442,0.05203255480695714,2.792359910192151,-14.13,10.849999999999998
Aliphatic,6540,-2.944021406727829,0.031104791291819138,2.5154527604691537,-12.539999999999997,12.9
Aromatic,3960,-3.0516161616161614,0.03715731057014868,2.338254966010694,-13.36,6.830000000000001
Sulfur,960,-3.3869583333333333,0.07522637397155181,2.3308039486991303,-12.05,4.44
