property,n,spearman_r,p_value
hydropathy,30720,-0.017590488066530276,0.0020477415714313793
volume_A3,30720,-0.044012436084097974,1.1859731403305624e-14
mw_Da,30720,-0.03547726844538181,4.976338718864168e-10
charge,30720,-0.017590488066530276,0.0020477415714313793
