resname,n,mean,sem,std,min,max
SER,2760,-2.5116340579710146,0.05704821019360217,2.99706777870802,-13.03,14.25
GLY,2220,-2.6016126126126125,0.05227158110429996,2.4628736029967855,-12.03,11.53
LYS,840,-2.6021071428571427,0.11899400585642654,3.448773938807499,-14.13,10.849999999999998
GLU,1140,-2.6112894736842103,0.07074422788617114,2.388600047789497,-13.400000000000002,4.579999999999999
ASN,2640,-2.6715037878787875,0.060187303728702554,3.092479658711773,-14.009999999999996,10.650000000000002
THR,2460,-2.6879065040650407,0.0573200683506116,2.842982936963958,-12.650000000000002,10.039999999999996
ASP,1500,-2.720813333333333,0.07795664739967555,3.019247971051071,-12.800000000000002,9.700000000000001
PHE,1800,-2.7912666666666666,0.05799149452372027,2.4603707417319085,-13.169999999999998,6.830000000000001
CYS,300,-2.8484666666666665,0.0996377325890209,1.725776151951455,-8.56,2.2400000000000007
PRO,2160,-2.871300925925926,0.043904497124289274,2.0404966342318054,-11.090000000000002,7.0600000000000005
GLN,1500,-2.8805,0.07795222339840713,3.0190766302187093,-14.76,12.06
LEU,1980,-2.899050505050505,0.05193090137287954,2.31077923317038,-11.330000000000002,6.7
VAL,1620,-2.9330185185185185,0.06107163872502522,2.4580860423563697,-11.1,6.57
ALA,1800,-2.9422166666666665,0.06906678699541424,2.9302556063534557,-12.539999999999997,12.9
TRP,720,-3.001125,0.06718993456126857,1.8028951329931084,-13.36,4.65
HIS,780,-3.0195,0.07315587159841375,2.043132303222776,-11.7,4.39
ILE,1140,-3.0406140350877195,0.06546166125757019,2.210240070183551,-10.960000000000003,4.17
ARG,1260,-3.092206349206349,0.07568827731916612,2.6866673235933356,-13.33,6.95
TYR,1440,-3.4022986111111115,0.0625891337682075,2.375090633813915,-11.460000000000003,4.129999999999999
MET,660,-3.631727272727273,0.09818397505418247,2.522391990137658,-12.05,4.44
