resname,n,mean,sem,std,min,max
CYS,300,-0.2263,0.02872329703641523,0.49750209827963743,-0.9399999999999998,1.68
GLY,2220,-0.2543423423423423,0.013780265908157618,0.6492830794568415,-2.18,3.8500000000000005
GLU,1140,-0.2617456140350877,0.019223786133853577,0.6490697241321312,-1.7199999999999995,3.6199999999999988
TRP,720,-0.26295833333333335,0.02031926249721409,0.5452230263571941,-1.87,3.0
PRO,2160,-0.2667824074074074,0.012253250849317405,0.5694796377156983,-1.8099999999999994,2.63
SER,2760,-0.2677608695652174,0.01525417907743348,0.801389008497677,-2.23,3.869999999999999
HIS,780,-0.26776923076923076,0.021569353736436224,0.6023992663291199,-1.75,3.27
LEU,1980,-0.2693888888888889,0.014514517900093372,0.6458552741495723,-1.97,3.6100000000000003
LYS,840,-0.2723452380952381,0.031361175018527275,0.9089332047933265,-2.5,3.5
ASP,1500,-0.27634666666666663,0.021194433081708715,0.820856863577654,-2.09,3.9
PHE,1800,-0.2849888888888889,0.01593743364064295,0.6761680441205542,-2.0799999999999996,3.9200000000000004
ARG,1260,-0.29227777777777775,0.02095055922593794,0.7436710792872155,-2.26,3.86
GLN,1500,-0.30974666666666667,0.020116857891280693,0.7791225559095137,-2.27,3.76
VAL,1620,-0.31480246913580245,0.0168743317769581,0.6791787527069365,-1.84,3.54
ASN,2640,-0.3156060606060606,0.015576375471690173,0.8003286626659001,-2.36,3.670000000000001
ILE,1140,-0.31564912280701757,0.018313885719705457,0.6183479502481204,-1.5300000000000002,2.75
MET,660,-0.3175909090909091,0.02931170650427095,0.7530313746498636,-1.72,2.86
TYR,1440,-0.31834027777777774,0.018507964555306684,0.7023278741812142,-1.64,3.24
ALA,1800,-0.3281277777777778,0.018390425956165617,0.7802396941508283,-2.2199999999999998,3.6300000000000003
THR,2460,-0.33010569105691057,0.014987292384725263,0.7433455288370947,-2.1200000000000006,3.670000000000001
