region_type,n_residues,n_regions,mean_gamma23,sem_gamma23
3F,12554,20,-0.0836995632256479,0.0016844139188390837
5F,2281,12,-0.10280797984044307,0.0051965711328890935
