region_type,n_residues,n_regions,mean_gamma23,sem_gamma23
3F,12511,20,-0.5095431919395735,0.0028162681401650478
5F,2357,12,-0.5118334421344757,0.006030906492872486
