residue_class,n,mean,sem,std,min,max
Polar_uncharged,9360,-0.0880673076923077,0.006644622865832506,0.642847946214958,-1.57,7.82
Special,4380,-0.13486073059360731,0.006395980052977303,0.42329599156005,-1.34,7.619999999999999
Aliphatic,6540,-0.16402446483180427,0.005752789654493377,0.4652296323428389,-1.53,6.9
Aromatic,3960,-0.2094318181818182,0.006231878193687645,0.3921629394154934,-1.61,3.47
Basic,3180,-0.2159937106918239,0.010491166319610817,0.5916124871665925,-1.86,6.48
Acidic,2640,-0.21678409090909093,0.009987382500996567,0.5131610043095645,-1.4800000000000002,3.57
Sulfur,960,-0.25745833333333334,0.0093847604927888,0.2907761687737307,-1.16,1.75
