property,n,spearman_r,p_value
hydropathy,31020,0.005693972216810169,0.3159485278625863
volume_A3,31020,-0.0643794945807328,7.403237822826748e-30
mw_Da,31020,-0.06255568457688708,2.8010318396725775e-28
charge,31020,0.005693972216810169,0.3159485278625863
