resname,n,mean,sem,std,min,max
SER,2760,-0.04947101449275362,0.012594765967171302,0.6616748734530982,-1.32,7.260000000000002
ASN,2640,-0.08152272727272727,0.013127965281170014,0.6745270692850792,-1.5,5.47
GLY,2220,-0.09160810810810811,0.010964425179153064,0.5166094611120914,-1.34,7.619999999999999
ALA,1800,-0.0951111111111111,0.015705772569575154,0.6663394972632156,-1.26,6.9
GLN,1500,-0.09614666666666667,0.01890669866728694,0.7322532907016428,-1.57,7.82
THR,2460,-0.13346747967479677,0.01033284214865421,0.5124923044278346,-1.3700000000000006,4.39
TRP,720,-0.1381111111111111,0.009671432560454765,0.2595117677397804,-1.34,2.85
HIS,780,-0.14755128205128207,0.01532818102231996,0.42809279846003906,-1.2199999999999998,3.28
CYS,300,-0.16986666666666664,0.007270375333359528,0.12592659467474218,-0.37999999999999995,0.44000000000000006
VAL,1620,-0.1733395061728395,0.009615877857735669,0.38703161795817614,-1.53,2.07
PRO,2160,-0.17931481481481482,0.006281163808219574,0.291922113888422,-1.09,3.1000000000000005
LEU,1980,-0.1899040404040404,0.007543286405804168,0.3356550553827249,-1.2199999999999998,2.68
ASP,1500,-0.19433999999999998,0.014804260584893168,0.5733665469820611,-1.4800000000000002,3.57
PHE,1800,-0.19742222222222222,0.00997919581205688,0.42338142176962895,-1.4699999999999998,3.47
ILE,1140,-0.21464912280701756,0.010313171427714879,0.34821274471661057,-1.0599999999999998,2.2999999999999994
ARG,1260,-0.22007142857142858,0.0152306690714244,0.540635120259207,-1.46,4.19
GLU,1140,-0.2463157894736842,0.012423049230242648,0.4194504183831708,-1.4699999999999998,1.8299999999999992
LYS,1140,-0.2583157894736842,0.021427995188566577,0.7234923874467547,-1.86,6.48
TYR,1440,-0.2601041666666667,0.010543353649598741,0.4000921405125702,-1.61,1.78
MET,660,-0.29727272727272724,0.012954825183595666,0.332815484998469,-1.16,1.75
