region_type,n_residues,n_regions,mean_gamma23,sem_gamma23
3F,12566,20,-0.009213332975484247,0.000521520961469039
5F,2275,12,-0.014032989513724534,0.00158817929419381
