region_type,n_residues,n_regions,mean_gamma23,sem_gamma23
3F,4888,20,0.0024918044185279114,0.002474079605100949
5F,996,12,-0.028100819186432573,0.003943286188887319
