residue_class,n,mean,sem,std,min,max
Special,4380,-3.090200913242009,0.03855721010384492,2.5517766389998044,-14.009999999999996,12.819999999999997
Acidic,2640,-3.191276515151515,0.061634195393332564,3.1668222985049908,-14.580000000000004,14.53
Polar_uncharged,9360,-3.194435897435897,0.033945127974424824,3.2840924523455084,-15.260000000000002,15.82
Aliphatic,6540,-3.3801788990825687,0.03509478957951407,2.838124985236312,-15.199999999999998,15.139999999999997
Aromatic,3960,-3.391613636363636,0.04304344243769794,2.708660597061612,-15.220000000000004,11.949999999999998
Basic,3180,-3.4890974842767295,0.05709196869645826,3.2195011087196157,-16.07,14.089999999999996
Sulfur,960,-3.7008958333333335,0.0871250384274004,2.6994705829360237,-13.27,6.91
