resname,n,mean,sem,std,min,max
CYS,300,-2.9244333333333334,0.12001400901443783,2.0787036123303557,-9.799999999999999,2.0300000000000002
SER,2760,-2.9837210144927537,0.06238995774020961,3.277700236757076,-14.340000000000002,14.520000000000003
GLY,2220,-3.011531531531532,0.05659939278449871,2.6667865691003847,-12.930000000000003,12.819999999999997
GLU,1140,-3.085982456140351,0.08499319030161949,2.869700390862769,-12.5,7.8100000000000005
PRO,2160,-3.1710555555555553,0.05219625372803748,2.4258626570772717,-14.009999999999996,10.44
PHE,1800,-3.2044444444444444,0.06748363431705146,2.8630881266820176,-15.220000000000004,11.949999999999998
LEU,1980,-3.2071212121212125,0.06010813111623402,2.6746429862781747,-15.199999999999998,9.759999999999998
TRP,720,-3.2350277777777774,0.08087581030113117,2.1701257148244846,-15.089999999999998,5.17
THR,2460,-3.256308943089431,0.06390122540565916,3.1693977119522816,-14.050000000000002,13.849999999999998
ASP,1500,-3.2713,0.08711467592940912,3.3739368908485767,-14.580000000000004,14.53
ASN,2640,-3.2863901515151515,0.06602686132144284,3.392521560452808,-15.25,14.47
GLN,1500,-3.3188400000000002,0.0844801739562801,3.271903068173784,-15.260000000000002,15.82
HIS,780,-3.3210384615384614,0.0879608106372892,2.4566117483672216,-12.48,7.139999999999999
ILE,1140,-3.3596842105263156,0.0763675735455285,2.5784660497520897,-12.75,4.83
VAL,1620,-3.380308641975309,0.06941397436173774,2.793858574702917,-13.12,10.13
ARG,1260,-3.4930476190476187,0.08619540257815635,3.05963327153258,-16.07,12.4
ALA,1800,-3.5834055555555557,0.07490766189858339,3.1780629414790496,-13.62,15.139999999999997
LYS,1140,-3.5997192982456143,0.11247990580598086,3.7977587205534076,-15.259999999999998,14.089999999999996
TYR,1440,-3.703868055555555,0.07183351000383834,2.7258900472394374,-14.199999999999998,5.590000000000001
MET,660,-4.053833333333333,0.11176798141806397,2.8713714323259083,-13.27,6.91
