region_type,n_residues,n_regions,mean_gamma23,sem_gamma23
3F,12341,20,-3.1514085782743644,0.0318170363324577
5F,2327,12,-2.9366392628926827,0.06218671119331904
