residue_class,n,mean,sem,std,min,max
Special,4380,-0.044150684931506846,0.0017876076228876094,0.1183066762220873,-0.33,2.0399999999999996
Aliphatic,6540,-0.06699235474006117,0.0015295124639090833,0.12369208053564365,-0.37,1.17
Polar_uncharged,9360,-0.06726923076923076,0.0019380405420613344,0.18749978852100857,-0.49,2.0099999999999993
Sulfur,960,-0.07358333333333333,0.002132095316067644,0.06606055721325459,-0.26,0.76
Aromatic,3960,-0.0765,0.0018381179316210065,0.11567006103985976,-0.5399999999999998,1.3999999999999997
Basic,3180,-0.11356918238993712,0.003297966785387366,0.1859772567754136,-0.67,1.3299999999999996
Acidic,2640,-0.11684469696969697,0.0030306549128187033,0.15571786888332134,-0.5199999999999998,1.0199999999999998
