region_type,n_residues,n_regions,mean_gamma23,sem_gamma23
3F,4752,20,-0.042173186165603276,0.011714352809697346
5F,1014,12,-0.10096942168075218,0.020088762690381002
