residue_class,n,mean,sem,std,min,max
Special,4500,-0.2693888888888889,0.003673302672660957,0.24641263434004673,-1.1299999999999994,1.17
Aliphatic,6240,-0.3332836538461539,0.003194379779134009,0.25233578414811303,-1.0100000000000002,0.5199999999999999
Acidic,2400,-0.34300416666666667,0.007977198034026408,0.3908012952099564,-1.3900000000000001,1.66
Sulfur,780,-0.3644487179487179,0.009221647308740146,0.25754659323644646,-1.07,0.0
Polar_uncharged,10260,-0.3731247563352827,0.0030388174968072647,0.30780686290518966,-1.31,1.1200000000000006
Aromatic,3960,-0.39429545454545456,0.005429313865454219,0.3416587452948764,-1.8100000000000003,0.19000000000000003
Basic,3000,-0.4265833333333333,0.006825407091746504,0.3738429428305293,-1.75,0.37999999999999995
