property,n,spearman_r,p_value
hydropathy,31140,0.09192557990730295,2.043645126899303e-59
volume_A3,31140,-0.09179017006712431,3.024672420663671e-59
mw_Da,31140,-0.1135760545233311,6.471494691772631e-90
charge,31140,0.09192557990730295,2.043645126899303e-59
