resname,n,mean,sem,std,min,max
CYS,300,-0.19873333333333332,0.007408391598187295,0.12831710650426792,-0.46,0.0
TRP,720,-0.2315,0.008640041928416956,0.23183665296466424,-1.23,0.19000000000000003
GLY,2460,-0.24903252032520326,0.005263096526839445,0.2610410987278448,-1.04,1.17
PRO,2040,-0.2939362745098039,0.0049849684069502315,0.2251528734822532,-1.1299999999999994,0.23
SER,2400,-0.30578333333333335,0.00565970781102141,0.27726792460493555,-1.1500000000000001,0.37999999999999995
HIS,720,-0.309625,0.010711296760144493,0.2874142521942762,-1.09,0.0
LEU,2100,-0.31493809523809524,0.005462561821105357,0.25032603033591116,-1.0100000000000002,0.010000000000000002
VAL,1320,-0.3215454545454545,0.007644047390916765,0.2777220334781658,-1.01,0.34
ASP,1260,-0.32963492063492067,0.009391822591791254,0.3333766305705269,-1.33,0.5099999999999999
PHE,1620,-0.3359320987654321,0.00863311344972555,0.3474761135589728,-1.4200000000000004,0.16000000000000003
ILE,1320,-0.3385757575757576,0.00756630816471068,0.2748976271291644,-0.9200000000000003,0.5199999999999999
THR,3000,-0.3516833333333333,0.005481921333409213,0.3002571972777025,-1.18,1.1200000000000006
GLU,1140,-0.357780701754386,0.013192582802660988,0.44543286222030787,-1.3900000000000001,1.66
ALA,1500,-0.36464,0.005247645494244696,0.20324043606010095,-1.01,0.33999999999999997
ASN,2820,-0.41525531914893615,0.006295876299947716,0.3343341511774802,-1.2899999999999996,1.09
GLN,2040,-0.4256421568627451,0.006563405857350635,0.29644514628264945,-1.31,0.7
ARG,1260,-0.460531746031746,0.010419959386695475,0.36987186641008907,-1.74,0.17
LYS,1020,-0.4672058823529412,0.012957899253989873,0.41384211498841234,-1.75,0.37999999999999995
MET,480,-0.46802083333333333,0.012045606726282264,0.2639060209128301,-1.07,-0.02
TYR,1620,-0.5250123456790123,0.008185526042387085,0.32946106792270224,-1.8100000000000003,0.19
