property,n,spearman_r,p_value
hydropathy,30720,0.013321060475749961,0.019553501234548444
volume_A3,30720,-0.06491047108557671,4.7721365845324e-30
mw_Da,30720,-0.07297006968005376,1.5155073373202585e-37
charge,30720,0.013321060475749961,0.019553501234548444
