resname,n,mean,sem,std,min,max
SER,2760,-0.06519202898550724,0.00980204509888871,0.5149573217393739,-1.1899999999999997,4.53
GLY,2220,-0.08947297297297298,0.009096121233505085,0.4285808158539776,-1.2099999999999997,5.3500000000000005
ASN,2640,-0.10210227272727274,0.010806799925284999,0.555263433885547,-1.34,4.22
GLN,1500,-0.10593999999999999,0.014895153171149146,0.5768868017106924,-1.34,4.37
TRP,720,-0.11116666666666668,0.009066157792722709,0.2432705414312091,-1.21,2.37
ALA,1800,-0.11769444444444443,0.0121003250147947,0.5133733123513526,-1.2100000000000002,3.79
THR,2460,-0.1263048780487805,0.009083401157640975,0.4505220465337497,-1.2200000000000002,4.25
CYS,300,-0.13646666666666665,0.006207176293010839,0.10751144711031814,-0.31,0.7199999999999999
PRO,2160,-0.15708333333333332,0.005288724059118876,0.24579768244384678,-0.9700000000000003,1.6000000000000003
LEU,1980,-0.16484343434343438,0.006272787460316508,0.2791214212384316,-1.09,1.9900000000000002
HIS,780,-0.1715,0.012054451755110631,0.3366625158087933,-1.22,3.07
VAL,1620,-0.17946296296296296,0.008342189441846054,0.33576664811667856,-1.31,2.11
PHE,1800,-0.19248333333333334,0.008477219898692975,0.35965798055852044,-1.27,4.89
ILE,1140,-0.19402631578947369,0.008963685480138608,0.3026488549804978,-0.89,1.97
ARG,1260,-0.21540476190476193,0.012785171230121633,0.45382855822793666,-1.21,3.4500000000000006
GLU,1140,-0.2429122807017544,0.010976389772599252,0.37060557332779615,-1.22,1.9400000000000006
ASP,1500,-0.244,0.011135860213722941,0.43129001153442714,-1.34,2.6700000000000004
TYR,1440,-0.24516666666666667,0.009027786360419522,0.34258040553992947,-1.4400000000000002,2.3299999999999996
MET,660,-0.26710606060606057,0.010514883413540252,0.2701322459689457,-1.02,1.26
LYS,840,-0.28704761904761905,0.01940571158480271,0.562430955206538,-1.5799999999999996,3.549999999999999
