resname,n,mean,sem,std,min,max
SER,2760,-2.572942028985507,0.051901642060105536,2.7266892081712344,-10.680000000000001,12.9
GLY,2220,-2.676662162162162,0.049906350891068735,2.351431344428899,-10.11,12.739999999999998
GLU,1140,-2.6983333333333333,0.06724033804453451,2.2702951105068556,-11.360000000000003,6.200000000000001
ASN,2640,-2.736439393939394,0.05613398866723423,2.8842165599951053,-11.47,10.819999999999997
PHE,1800,-2.7820944444444446,0.054157322932205015,2.297700617776313,-10.599999999999998,9.069999999999999
THR,2460,-2.7842398373983737,0.05392047627400029,2.674368653266219,-10.8,8.879999999999999
CYS,300,-2.7986666666666666,0.0966670587775079,1.6743225722089072,-8.039999999999997,3.25
PRO,2160,-2.8356018518518518,0.04279043529598064,1.9887197193395885,-10.33,9.120000000000001
ASP,1500,-2.8430333333333335,0.06956692392122735,2.6943153779379188,-11.289999999999997,9.11
LEU,1980,-2.8475353535353536,0.04936156674425441,2.196451059656467,-10.479999999999999,7.539999999999999
GLN,1500,-2.9191066666666665,0.07093688357378011,2.7473736871310486,-11.74,11.0
TRP,720,-2.9321944444444443,0.0661971343990508,1.7762555091836074,-10.55,7.23
ILE,1140,-2.9448508771929824,0.06394731324909748,2.1591097966122863,-9.110000000000001,6.74
VAL,1620,-2.9667407407407405,0.059513698992921506,2.3953801777313988,-10.95,7.07
LYS,1140,-3.000614035087719,0.08386576687288093,2.831634194704731,-12.110000000000003,8.129999999999999
ALA,1800,-3.0071222222222223,0.06527174348943457,2.769245546474884,-10.73,11.72
HIS,780,-3.015884615384615,0.07064793548538392,1.9730894594292059,-11.08,5.96
ARG,1260,-3.1953174603174603,0.07179888826910961,2.5486077080274456,-11.87,8.46
TYR,1440,-3.290847222222222,0.060478493188590034,2.294997455171085,-10.199999999999998,6.860000000000001
MET,660,-3.700484848484849,0.09234860665525385,2.3724786616047964,-9.92,5.8
