region_type,n_residues,n_regions,mean_gamma23,sem_gamma23
3F,4799,20,0.05560111193939001,0.013738500308934571
5F,1001,12,0.016575865336902498,0.023504266919751708
