region_type,n_hbond_rows,hbonds_per_frame,n_region_residues,hbonds_per_frame_per_100res,length_mean,length_median,length_std,frac_under_3A
3F,115936,115.82017982017982,4799,2.4134232094223758,3.113875980596436,3.1048128038692697,0.20000626950043537,0.3179599089152636
5F,20250,20.22977022977023,1001,2.020956066910113,3.104361618778847,3.096823266979264,0.2031073870703179,0.339358024691358
neither,59963,59.9030969030969,9710,0.6169216982811215,3.11543868394278,3.105636772260228,0.20006053007057106,0.3140603372079449
