region_type,n_hbond_rows,hbonds_per_frame,n_region_residues,hbonds_per_frame_per_100res,length_mean,length_median,length_std,frac_under_3.0A
3F,149145,148.996003996004,12550,1.1872191553466453,3.1138286311650605,3.104656545010344,0.2000029769590925,0.31768413289081093
5F,41977,41.935064935064936,2288,1.8328262646444466,3.110202198405704,3.1010146833211913,0.2014278947584404,0.3264883150296591
neither,5027,5.021978021978022,672,0.7473181580324437,3.1262720100202355,3.123230613382047,0.20173785215608137,0.29460911080167096
