residue_class,n,mean,sem,std,min,max
Polar_uncharged,9360,-0.09209188034188034,0.005699491730897106,0.5514092564254645,-1.25,9.19
Special,4380,-0.12500456621004566,0.005444861096070018,0.3603494472273767,-1.24,6.14
Aliphatic,6540,-0.1611804281345566,0.005007663908965853,0.40497111474343567,-1.34,7.220000000000001
Aromatic,3960,-0.2023207070707071,0.005282595788759453,0.3324259922734377,-1.48,1.99
Basic,2880,-0.21971180555555556,0.008664900415392132,0.46500735232999135,-1.5399999999999998,5.06
Sulfur,960,-0.233,0.008324258179802221,0.25791770639923894,-1.01,1.36
Acidic,2640,-0.24298106060606062,0.008093852200496751,0.4158696558908853,-1.36,2.5099999999999993
