resname,n,mean,sem,std,min,max
SER,2760,-0.057159420289855066,0.01042811448851119,0.5478483167154681,-1.1400000000000001,6.85
ASN,2640,-0.09265151515151515,0.011293247517208312,0.5802575637078932,-1.25,6.069999999999999
GLY,2220,-0.0937972972972973,0.009164431180114391,0.4317993671350357,-1.24,6.14
GLN,1500,-0.09562666666666667,0.01650538703487897,0.6392508910879408,-1.16,9.19
ALA,1800,-0.11296666666666667,0.013540786503800228,0.5744869175661854,-1.19,7.220000000000001
TRP,720,-0.11580555555555556,0.007951902623095072,0.21337193778839367,-1.0,1.99
THR,2460,-0.12852845528455284,0.009180116395938189,0.4553189663584354,-1.2300000000000002,3.1000000000000005
CYS,300,-0.13956666666666664,0.0063124195562424355,0.10933431390103285,-0.33999999999999997,0.63
PRO,2160,-0.15707870370370372,0.0056809191973825,0.2640252653113491,-1.0199999999999998,3.490000000000001
LEU,1980,-0.16728282828282828,0.006347264320801864,0.2824354323187624,-1.14,2.4
HIS,780,-0.1701025641025641,0.011919009560600418,0.3328798211764024,-1.05,1.85
VAL,1620,-0.1845493827160494,0.008715590970034968,0.3507957697154674,-1.34,2.46
ILE,1140,-0.1935,0.009420992020262085,0.31808930088303783,-0.9099999999999999,2.79
PHE,1800,-0.19590555555555556,0.008256314905800467,0.35028577545018486,-1.27,1.7899999999999998
ARG,1260,-0.21478571428571427,0.012989919246540006,0.46109639183131157,-1.16,5.06
ASP,1500,-0.23896,0.011433219734523055,0.44280669625337776,-1.36,2.5099999999999993
GLU,1140,-0.24827192982456142,0.011184623484518987,0.37763635264513024,-1.2399999999999998,2.07
TYR,1440,-0.25359722222222225,0.00918394896184353,0.34850635960997245,-1.48,1.9099999999999993
LYS,840,-0.27316666666666667,0.01936125188660119,0.5611423907332178,-1.5399999999999998,3.9000000000000012
MET,660,-0.275469696969697,0.011388473325012817,0.29257517715142684,-1.01,1.36
