resname,n,mean,sem,std,min,max
GLU,1140,-2.7329385964912283,0.08547691258995506,2.886032735077399,-15.129999999999999,10.169999999999998
SER,2760,-2.8494528985507244,0.06399072204158612,3.36179751330055,-15.97,14.62
ASP,1500,-2.953273333333333,0.08832176963409363,3.4206874290041256,-16.680000000000003,12.800000000000002
GLY,2220,-2.963202702702703,0.05825390560639166,2.744742044499706,-13.090000000000002,11.94
ASN,2640,-3.0282424242424244,0.06852473355449365,3.5208645595941177,-17.47,14.78
LYS,990,-3.0506161616161616,0.1211020736945031,3.810387792676458,-18.37,15.259999999999998
THR,2460,-3.089479674796748,0.06624722818076961,3.285755665660792,-17.19,13.099999999999998
CYS,300,-3.1162,0.11104228346872519,1.9233087675629768,-8.019999999999998,2.9400000000000004
PHE,1800,-3.1687833333333337,0.0685041679216384,2.906385700615948,-15.559999999999999,11.75
PRO,2160,-3.195078703703704,0.052186369209437235,2.425403266166183,-13.789999999999996,9.879999999999999
GLN,1500,-3.1963933333333334,0.08618067958844709,3.3377633681089307,-16.15,14.49
ARG,1260,-3.216285714285714,0.08697288050191823,3.087231000092024,-15.520000000000001,11.04
LEU,1980,-3.227989898989899,0.060010422088025914,2.6702952089951397,-15.660000000000004,10.13
VAL,1620,-3.231172839506173,0.0724503088994599,2.9160686824209057,-14.85,11.0
ALA,1800,-3.2843333333333335,0.0787566471759645,3.341361556898452,-13.26,13.220000000000002
HIS,780,-3.306576923076923,0.0904740209586452,2.5268018927830074,-13.1,7.880000000000001
TRP,720,-3.343527777777778,0.07665073910165578,2.056755157882842,-11.979999999999999,9.84
ILE,1140,-3.3818684210526313,0.07846268572022881,2.6492051784434882,-12.080000000000002,7.210000000000001
TYR,1440,-3.6921319444444447,0.07426930870351053,2.818322108991124,-12.930000000000001,8.610000000000003
MET,660,-3.8802424242424243,0.11370240098326748,2.921067570765427,-14.07,8.87
