property,n,spearman_r,p_value
hydropathy,30720,0.07493009503430804,1.678403959540562e-39
volume_A3,30720,-0.02403734067841661,2.5145328675624407e-05
mw_Da,30720,-0.0748262578734649,2.1369887710940922e-39
charge,30720,0.07493009503430804,1.678403959540562e-39
