resname,n,mean,sem,std,min,max
TRP,720,-0.030583333333333334,0.004148326581785167,0.1113112827568917,-0.41,1.28
CYS,300,-0.0308,0.0015264593141987523,0.026439050878789838,-0.08999999999999998,0.0
GLY,2220,-0.03263513513513513,0.003428107680969256,0.16152172437338363,-0.33,2.07
SER,2760,-0.04041666666666666,0.003822282501393529,0.20080629501205216,-0.37999999999999995,2.0500000000000003
GLN,1500,-0.04482666666666666,0.006031776168074689,0.23360968647004057,-0.49,2.47
PRO,2160,-0.050726851851851856,0.0018059712099755306,0.08393395703958345,-0.28000000000000014,0.8900000000000002
VAL,1620,-0.062246913580246914,0.0029040886853566312,0.11688731483661767,-0.37,1.49
LEU,1980,-0.06231313131313132,0.0019343905600535498,0.0860749460695276,-0.3499999999999999,0.7699999999999999
THR,2460,-0.06346747967479674,0.0036370521758610375,0.1803919216141381,-0.42,1.3900000000000001
ALA,1800,-0.06382222222222222,0.0048192037280692344,0.20446149816223477,-0.33999999999999997,2.25
ILE,1140,-0.06927192982456142,0.002868578845194237,0.09685436920371394,-0.26999999999999996,0.82
HIS,780,-0.07603846153846154,0.003902100664478564,0.10897974070745792,-0.31,0.74
PHE,1800,-0.07665,0.002834442093054144,0.12025519349275059,-0.37,0.9600000000000002
ASN,2640,-0.08143560606060607,0.0041071365874737345,0.21102849879378055,-0.4400000000000001,2.1000000000000005
MET,660,-0.09472727272727273,0.002711190917211193,0.06965175579348441,-0.29,0.48
TYR,1440,-0.09478472222222223,0.00346393536159025,0.1314471049226895,-0.5299999999999999,1.1200000000000003
ARG,1260,-0.10330952380952382,0.004957520882927266,0.17597453441868094,-0.44,1.76
GLU,1140,-0.11547368421052633,0.004117537870773195,0.1390240794023347,-0.5,0.6799999999999999
ASP,1500,-0.13087333333333334,0.0041134001088051495,0.1593113011769012,-0.45,1.5599999999999998
LYS,840,-0.14132142857142857,0.008905737104666949,0.25811278317249414,-0.5199999999999999,1.5100000000000002
