region_type,n_residues,n_regions,mean_gamma23,sem_gamma23
3F,12538,20,-0.35642224459312316,0.00857742183486328
5F,2264,12,-0.2441404851883121,0.022870015368910812
