region_type,n_hbond_rows,hbonds_per_frame,n_region_residues,hbonds_per_frame_per_100res,length_mean,length_median,length_std,frac_under_3.0A
3F,13213,13.1998001998002,12351,0.10687231964861306,3.1138951161767445,3.106112333333406,0.20014847704221242,0.3140846136380837
5F,2369,2.3666333666333665,2300,0.1028971028971029,3.1144705780996405,3.1100191877821093,0.20115440420355116,0.31743351625158295
neither,144,0.14385614385614387,709,0.02029000618563383,3.1362841466021396,3.1231959629514505,0.19588507662091378,0.2708333333333333
