region_type,n_hbond_rows,hbonds_per_frame,n_region_residues,hbonds_per_frame_per_100res,length_mean,length_median,length_std,frac_under_3A
3F,10716,10.705294705294705,4856,0.2204549980497262,3.1156469914835623,3.1069569410517834,0.19942661450479898,0.3116834639790967
5F,1604,1.6023976023976023,999,0.1604001604001604,3.1128774740727967,3.1075628801655206,0.20031533689114786,0.31546134663341646
neither,3406,3.4025974025974026,9505,0.03579797372538036,3.1102094120732424,3.1037852706228453,0.20283773985793221,0.321491485613623
