region_type,prot_resname,count,share_of_region,length_mean,n_suc_donor,n_prot_donor
3F,ASN,3619,0.27389691970029517,3.1281798283953215,1309,2310
3F,SER,3014,0.2281086808446227,3.0788789689288305,1496,1518
3F,GLN,2013,0.15234995837432833,3.1170470103279726,708,1305
3F,ALA,829,0.06274123968818587,3.138110401147946,447,382
3F,THR,801,0.0606221145841217,3.1077371868930403,444,357
3F,ASP,714,0.05403769015363657,3.1434777737804005,503,211
3F,LYS,527,0.039884961780065085,3.076547929003835,106,421
3F,GLY,444,0.03360326950730341,3.126778061438804,229,215
3F,HISE,364,0.02754862635283433,3.154637575288294,139,225
3F,ARG,333,0.02520245213047756,3.115890945965527,147,186
3F,PHE,175,0.01324453190040112,3.1468799160925873,47,128
3F,TYR,121,0.00915764777113449,3.0653800426774405,114,7
3F,PRO,116,0.00877923257398017,3.0783681436356973,116,0
3F,TRP,76,0.0057519109967456294,3.269973280861494,39,37
3F,ILE,40,0.0030273215772345418,3.1444677395274536,12,28
3F,GLU,18,0.0013622947097555438,3.056632473974148,18,0
3F,VAL,8,0.0006054643154469084,3.3253830095759085,8,0
3F,LEU,1,7.568303943086355e-05,3.2876042548396263,1,0
5F,THR,898,0.37906289573659774,3.088201302668335,409,489
5F,ASN,659,0.27817644575770367,3.1429728054884922,349,310
5F,SER,288,0.12157028281975517,3.0913386646699936,186,102
5F,GLY,149,0.06289573659772056,3.1310215312351257,87,62
5F,PRO,126,0.05318699873364289,3.123265148144504,126,0
5F,ALA,124,0.052342760658505696,3.106882279900451,55,69
5F,ASP,68,0.028704094554664415,3.173651324653469,58,10
5F,PHE,24,0.010130856901646263,3.1333105045852423,22,2
5F,GLU,16,0.006753904601097509,3.2477249185601966,15,1
5F,VAL,12,0.005065428450823132,3.244524505394365,12,0
5F,LEU,3,0.001266357112705783,3.3929064255106085,3,0
5F,LYS,2,0.0008442380751371887,3.0300208637008836,0,2
neither,ASN,97,0.6736111111111112,3.146824894282165,15,82
neither,GLU,32,0.2222222222222222,3.0723356124316883,32,0
neither,GLN,10,0.06944444444444445,3.158214169390585,10,0
neither,SER,3,0.020833333333333332,3.2847405976187143,2,1
neither,ASP,2,0.013888888888888888,3.31589964038107,2,0
