region_type,prot_resname,count,share_of_region,length_mean,n_suc_donor,n_prot_donor
3F,ASN,3366,0.3141097424412094,3.127964139063154,1231,2135
3F,SER,2027,0.18915640164240388,3.0894318879099054,1255,772
3F,GLN,1680,0.15677491601343785,3.1110067348923747,586,1094
3F,THR,777,0.072508398656215,3.109177451290558,420,357
3F,ASP,666,0.06215005599104143,3.142036596046458,455,211
3F,ALA,522,0.048712206047032476,3.137227976762873,323,199
3F,LYS,490,0.04572601717058604,3.0800719943117887,80,410
3F,GLY,368,0.03434117207913401,3.121744053931614,216,152
3F,ARG,254,0.02370287420679358,3.111131900003329,94,160
3F,HISE,212,0.019783501306457632,3.1049111684750903,13,199
3F,PHE,175,0.016330720418066443,3.1468799160925873,47,128
3F,PRO,82,0.00765210899589399,3.0598738797783955,82,0
3F,TRP,76,0.0070921985815602835,3.269973280861494,39,37
3F,GLU,12,0.0011198208286674132,3.0989850197214377,12,0
3F,VAL,8,0.0007465472191116088,3.3253830095759085,8,0
3F,LEU,1,9.33184023889511e-05,3.2876042548396263,1,0
5F,THR,817,0.5093516209476309,3.0857942630694417,344,473
5F,ASN,351,0.2188279301745636,3.1566448276721286,183,168
5F,GLY,139,0.08665835411471322,3.126030512578505,78,61
5F,PRO,124,0.0773067331670823,3.118444772852878,124,0
5F,ASP,66,0.04114713216957606,3.1671060163782725,56,10
5F,SER,50,0.03117206982543641,3.1051748777996853,27,23
5F,ALA,36,0.022443890274314215,3.0885345482172726,36,0
5F,VAL,12,0.007481296758104738,3.244524505394365,12,0
5F,PHE,9,0.005610972568578554,3.151616568715675,7,2
neither,SER,1228,0.360540223135643,3.063814160330575,402,826
neither,ASN,658,0.19318849089841456,3.1316630181238003,259,399
neither,ALA,395,0.11597181444509688,3.1339915889955994,143,252
neither,GLN,343,0.1007046388725778,3.147832241588705,132,211
neither,HISE,152,0.04462712859659425,3.223992826896183,126,26
neither,TYR,121,0.035525543159130944,3.0653800426774405,114,7
neither,THR,105,0.03082795067527892,3.1007377515904095,89,16
neither,GLY,86,0.02524955960070464,3.1568792364839124,22,64
neither,ARG,79,0.02319436288901938,3.1311921823503166,53,26
neither,GLU,54,0.015854374633000587,3.1131463442528626,53,1
neither,ASP,52,0.015267175572519083,3.1780355728557077,52,0
neither,ILE,40,0.011743981209630064,3.1444677395274536,12,28
neither,LYS,39,0.011450381679389313,3.029885207683234,26,13
neither,PRO,36,0.010569583088667059,3.1395917597878675,36,0
neither,PHE,15,0.004403992953611274,3.1223268661069814,15,0
neither,LEU,3,0.0008807985907222549,3.3929064255106085,3,0
