residue_class,n,mean,sem,std,min,max
Special,4380,-0.0036369863013698627,0.00047653808201490304,0.03153803768489311,-0.03000000000000001,0.7400000000000001
Aliphatic,6540,-0.006328746177370031,0.00038011316370704045,0.03073985284026055,-0.04000000000000001,0.72
Polar_uncharged,9360,-0.0066367521367521375,0.0005035497746965754,0.048716976872417446,-0.05,0.86
Aromatic,3960,-0.006823232323232325,0.00040543377117651893,0.02551335159341554,-0.06000000000000001,0.6899999999999998
Sulfur,960,-0.007500000000000001,0.00027455845045838435,0.008506882449486695,-0.03,0.12
Basic,2880,-0.010048611111111112,0.0008387856537148719,0.04501396176619327,-0.05000000000000002,0.75
Acidic,2640,-0.011329545454545457,0.000787721377465619,0.04047385720292936,-0.05000000000000002,0.84
