resname,n,mean,sem,std,min,max
TRP,720,-0.0024305555555555556,0.0009196662766774522,0.02467723573517895,-0.04,0.59
CYS,300,-0.002466666666666666,0.00024929480622100803,0.004317912704378238,-0.009999999999999998,0.0
GLY,2220,-0.003522522522522523,0.0008119258286850847,0.038255408556893425,-0.03,0.7400000000000001
PRO,2160,-0.0037546296296296286,0.00048744595770697805,0.02265444091650301,-0.03000000000000001,0.66
SER,2760,-0.004409420289855072,0.001006335765475225,0.05286855603412974,-0.039999999999999994,0.8599999999999999
THR,2460,-0.005589430894308944,0.0010055149445169912,0.049871919423375315,-0.039999999999999994,0.7899999999999999
LEU,1980,-0.006136363636363638,0.0002494082102113189,0.011097964747430522,-0.04000000000000001,0.3
GLN,1500,-0.00632,0.0012125073490924876,0.046960207701893075,-0.05,0.86
VAL,1620,-0.006339506172839506,0.00043679212427216637,0.017580543874363797,-0.04,0.55
ALA,1800,-0.006372222222222222,0.0012454116406834697,0.05283834098975672,-0.030000000000000006,0.72
PHE,1800,-0.006377777777777779,0.0007439424762553873,0.03156280618637379,-0.04000000000000001,0.6899999999999998
ILE,1140,-0.006578947368421054,0.0005633325317939276,0.019020295401759313,-0.030000000000000002,0.49000000000000005
HIS,780,-0.008243589743589743,0.00038377815022497334,0.010718340426590289,-0.03,0.11
GLU,1140,-0.00873684210526316,0.0012436803427593533,0.04199148135349914,-0.05000000000000002,0.84
TYR,1440,-0.009576388888888891,0.00039410273102388586,0.014955147145538184,-0.06000000000000001,0.2699999999999999
MET,660,-0.009787878787878788,0.00034832136930523094,0.0089485380016896,-0.03,0.12
ARG,1260,-0.009912698412698413,0.0010134471629676394,0.03597380563243508,-0.04,0.7399999999999999
ASN,2640,-0.010121212121212123,0.0008497071906113334,0.04365874594866688,-0.039999999999999994,0.7599999999999999
LYS,840,-0.011928571428571434,0.0024146935235809567,0.06998446715359062,-0.05000000000000002,0.75
ASP,1500,-0.0133,0.0010116433568807795,0.03918077873500626,-0.039999999999999994,0.82
