region_type,na_per_frame,cl_per_frame,net_ion_charge_per_frame,n_region_residues,net_ion_charge_per_100res
3F,482.49900199600796,263.6307385229541,218.86826347305384,20888,1.0478181897407786
5F,241.22754491017963,61.395209580838326,179.8323353293413,8073,2.227577546504909
neither,45.9500998003992,11.940119760479043,34.00998003992016,1759,1.9334837998817602
