region_type,na_per_frame,cl_per_frame,net_ion_charge_per_frame,n_region_residues,net_ion_charge_per_100res
3F,59.22754491017964,21.898203592814372,37.32934131736526,4703,0.7937346654766162
5F,22.487025948103792,0.8003992015968064,21.686626746506985,1102,1.9679334615705069
neither,93.86826347305389,22.862275449101798,71.00598802395209,25065,0.28328740484321596
