region_type,n_residues,n_regions,mean_gamma23,sem_gamma23
3F,12367,20,-2.8852009124084126,0.031054007364041784
5F,2303,12,-2.9056978340586728,0.06939032513467588
