residue_class,n,mean,sem,std,min,max
Polar_uncharged,9360,-0.020308760683760686,0.003708177910972548,0.3587554331376954,-0.66,5.230000000000002
Special,4380,-0.04296803652968037,0.0037695623318603653,0.24947554742130307,-0.59,5.25
Aliphatic,6540,-0.060822629969418965,0.0033498648904701956,0.27090446635300797,-0.62,4.409999999999999
Aromatic,3960,-0.06982323232323233,0.004004733532791046,0.25201199782529754,-0.6400000000000001,3.02
Acidic,2640,-0.08502651515151516,0.005385236213871031,0.27669844663289367,-0.6500000000000001,2.1900000000000004
Basic,3030,-0.08672607260726073,0.005481095585772612,0.3017092950602273,-0.7899999999999998,3.57
Sulfur,960,-0.10134375000000001,0.00581221971253037,0.18008504120902868,-0.48,1.74
