region_type,n_residues,n_regions,mean_gamma23,sem_gamma23
3F,12548,20,0.0051824422995523315,0.0015259397192204985
5F,2287,12,0.05041848555235145,0.006038919098651494
