region_type,n_residues,n_regions,mean_gamma23,sem_gamma23
3F,12497,20,-0.42759247345655543,0.0024219236551173526
5F,2391,12,-0.1453292821023381,0.013507651856340971
