residue_class,n,mean,sem,std,min,max
Polar_uncharged,9360,-2.5726976495726497,0.030430285575071034,2.944041667926648,-12.49,16.75
Special,4380,-2.6026141552511417,0.034720091710944805,2.297830125501864,-13.049999999999999,17.11
Acidic,2640,-2.625287878787879,0.054899057306171804,2.820764637788968,-13.430000000000001,11.69
Aliphatic,6540,-2.7887721712538225,0.03222541722100787,2.6060780779832595,-12.9,16.449999999999996
Basic,2880,-2.854,0.05143607941439839,2.7603496816001374,-12.92,13.35
Aromatic,3960,-2.959858585858586,0.03872709660576752,2.4370392950441535,-12.580000000000002,14.389999999999997
Sulfur,960,-3.0933020833333336,0.07779227065994826,2.410305349837116,-11.03,11.56
