region_type,n_residues,n_regions,mean_gamma23,sem_gamma23
3F,12539,20,0.04941026367291063,0.0016833244523666135
5F,2353,12,-0.09770524665656277,0.0015280532831046748
