residue_class,n,mean,sem,std,min,max
Special,4380,-0.0030342465753424655,0.000627613076985363,0.041536417802758276,-0.03000000000000001,1.0999999999999999
Polar_uncharged,9360,-0.003991452991452992,0.0007324768027471798,0.07086500134076879,-0.05,1.6000000000000003
Aromatic,3960,-0.004487373737373738,0.0007989895546228029,0.05027923886903546,-0.05000000000000001,1.11
Aliphatic,6540,-0.0052813455657492354,0.000543777757509123,0.043975452153823216,-0.04,0.9499999999999998
Sulfur,960,-0.007500000000000001,0.000295149644211671,0.00914487725336677,-0.03,0.2
Basic,3180,-0.008751572327044026,0.0011344766865178568,0.06397482927029241,-0.06000000000000001,0.94
Acidic,2640,-0.010166666666666668,0.000869375700869532,0.04466933230363657,-0.05000000000000002,0.93
