resname,n,mean,sem,std,min,max
TRP,720,-0.0009444444444444444,0.0018872143895427972,0.05063927595760156,-0.05000000000000001,1.11
SER,2760,-0.002463768115942029,0.0013589489322033627,0.07139333633420686,-0.039999999999999994,1.0399999999999998
CYS,300,-0.002766666666666666,0.00025870931391123536,0.004480976760855454,-0.009999999999999998,0.0
THR,2460,-0.0028739837398373993,0.001514063679204317,0.07509511641063522,-0.039999999999999994,1.1999999999999997
GLY,2220,-0.0030225225225225224,0.0009706042106140683,0.045731838195387516,-0.03,1.0999999999999999
PRO,2160,-0.0030462962962962956,0.0007905023305467595,0.036739228336148996,-0.03000000000000001,0.9900000000000001
LEU,1980,-0.004171717171717173,0.0009099576538131298,0.040490559453180315,-0.030000000000000002,0.94
GLN,1500,-0.004966666666666667,0.001498898614749332,0.05805209372577529,-0.05,0.92
VAL,1620,-0.005141975308641976,0.0008110493294684452,0.03264410580834721,-0.04,0.89
TYR,1440,-0.00526388888888889,0.001530722194442879,0.058086823192927614,-0.05000000000000001,0.9200000000000004
PHE,1800,-0.005283333333333335,0.001009230375808473,0.04281801855081714,-0.04000000000000001,0.9699999999999998
ALA,1800,-0.005811111111111111,0.0014356275378998435,0.060908518038427596,-0.030000000000000006,0.82
ASN,2640,-0.006075757575757576,0.0014173475249644686,0.07282463441185592,-0.039999999999999994,1.6000000000000003
ILE,1140,-0.006570175438596493,0.0008761241042542201,0.02958135440616261,-0.030000000000000002,0.9499999999999998
HIS,780,-0.007948717948717949,0.0004083449265141213,0.011404453148996756,-0.03,0.14
ARG,1260,-0.008087301587301587,0.0017516785587701404,0.0621784206481746,-0.04,0.94
MET,660,-0.009651515151515152,0.00038485326419103786,0.009887059374384674,-0.03,0.2
GLU,1140,-0.01,0.0009115834558069509,0.030778599910767146,-0.05000000000000002,0.54
LYS,1140,-0.01003508771929825,0.002488238989530472,0.08401261766355321,-0.06000000000000001,0.93
ASP,1500,-0.010293333333333335,0.001364545330751902,0.052848613411472074,-0.05000000000000001,0.93
