residue_class,n,mean,sem,std,min,max
Special,4380,-2.015340182648402,0.029939120071267908,1.9814179237634524,-9.230000000000002,7.990000000000001
Polar_uncharged,9360,-2.0180267094017093,0.025340776679913114,2.4516464776263924,-11.0,9.61
Acidic,2640,-2.0671060606060605,0.045034827305182545,2.313931323500355,-10.769999999999998,6.599999999999999
Aliphatic,6540,-2.148334862385321,0.026995946034511595,2.1831693495994844,-10.419999999999998,7.409999999999999
Aromatic,3960,-2.2502373737373738,0.033217458949680034,2.0903258916091927,-10.31,5.87
Basic,3180,-2.2905943396226416,0.04178120297103623,2.3561042360277753,-11.710000000000003,8.460000000000003
Sulfur,960,-2.44090625,0.06842922616300924,2.1202020265855652,-9.47,4.48
