property,n,spearman_r,p_value
hydropathy,31020,0.0031359004524977555,0.5807500717866798
volume_A3,31020,-0.04454682833603066,4.180710500204849e-15
mw_Da,31020,-0.04148947374484756,2.6677534903624996e-13
charge,31020,0.0031359004524977555,0.5807500717866798
