resname,n,mean,sem,std,min,max
SER,2760,-1.9241811594202898,0.04700412668418789,2.469394799125322,-10.489999999999998,9.150000000000002
GLY,2220,-1.926518018018018,0.04420637118892907,2.0828661078425803,-9.230000000000002,7.990000000000001
GLU,1140,-1.9838596491228069,0.062077891897220926,2.095990867141237,-9.93,5.35
CYS,300,-1.9889333333333332,0.09927799884853518,1.7195453807942744,-5.79,3.2700000000000005
THR,2460,-2.0081138211382115,0.047620567967627515,2.3619033625777757,-10.159999999999998,8.239999999999998
ASN,2640,-2.040212121212121,0.048877152784708125,2.5113535812101033,-11.0,9.33
PHE,1800,-2.0428444444444445,0.04969159110512903,2.108235662303152,-10.31,5.1899999999999995
PRO,2160,-2.1066296296296296,0.0401825280646666,1.8675151440355906,-8.58,6.14
VAL,1620,-2.115253086419753,0.05292607600209447,2.130233467014064,-9.5,5.51
ASP,1500,-2.1303733333333335,0.06365980852334513,2.4655337823366863,-10.769999999999998,6.599999999999999
ALA,1800,-2.1455277777777777,0.05863205573887447,2.4875474524719463,-10.289999999999997,7.409999999999999
LEU,1980,-2.162858585858586,0.04530267850924369,2.0158419349298056,-10.419999999999998,5.930000000000001
GLN,1500,-2.1679133333333334,0.06329334751946214,2.451340808685954,-10.04,9.61
ILE,1140,-2.174552631578947,0.059795255147177054,2.0189201800596885,-8.759999999999998,4.95
LYS,1140,-2.2072017543859648,0.0787304135825918,2.658244711475975,-11.710000000000003,8.460000000000003
HIS,780,-2.2387051282051282,0.06811809864629714,1.902434961644051,-9.78,5.01
TRP,720,-2.2617361111111114,0.06348699318524442,1.7035347893912693,-9.43,5.87
ARG,1260,-2.3981666666666666,0.06525445632773282,2.3163034190259415,-10.56,6.8
TYR,1440,-2.5037291666666666,0.05831287106933059,2.2128178737938775,-9.879999999999999,5.590000000000001
MET,660,-2.6463484848484846,0.08760120371426723,2.250515671761572,-9.47,4.48
