region_type,na_per_frame,cl_per_frame,net_ion_charge_per_frame,n_region_residues,net_ion_charge_per_100res
3F,102.6566866267465,476.36526946107784,-373.7085828343313,21020,-1.7778714692403963
5F,45.96207584830339,66.48103792415169,-20.5189620758483,8232,-0.2492585286181766
neither,5.441117764471058,15.55688622754491,-10.115768463073852,1768,-0.5721588497213718
