region_type,n_residues,n_regions,mean_gamma23,sem_gamma23
3F,12367,20,-0.10879329982299062,0.0018899378156946895
5F,2303,12,-0.1686051909770167,0.004875196543615575
