region_type,n_hbond_rows,hbonds_per_frame,n_region_residues,hbonds_per_frame_per_100res,length_mean,length_median,length_std,frac_under_3.0A
3F,18844,18.825174825174827,12523,0.1503248009676182,3.1098861123516324,3.100907308109733,0.19832821609147352,0.32402886860539165
5F,5055,5.04995004995005,2268,0.22266093694665126,3.1006734518617556,3.086303859441067,0.19950592749716967,0.34658753709198814
neither,631,0.6303696303696303,719,0.08767310575377335,3.123174114584958,3.127390130992158,0.20667379724973312,0.294770206022187
