region_type,n_hbond_rows,hbonds_per_frame,n_region_residues,hbonds_per_frame_per_100res,length_mean,length_median,length_std,frac_under_3A
3F,14160,14.145854145854146,4991,0.28342725197063007,3.1092701653608805,3.1012940046162827,0.19871562135108628,0.3241525423728814
5F,2693,2.6903096903096904,1008,0.26689580261008833,3.1110039785787986,3.104737707838406,0.20226921040333,0.3286297809134794
neither,7677,7.6693306693306695,9511,0.08063642802366386,3.1056560910245765,3.0923128705162175,0.1978230324661552,0.33463592549172855
