region_type,prot_resname,count,share_of_region,length_mean,n_suc_donor,n_prot_donor
3F,SER,4096,0.21736361706644025,3.0907426200698653,1665,2431
3F,ASN,3622,0.19220972192740396,3.1187218589239705,1352,2270
3F,GLN,1839,0.0975907450647421,3.1287787477505167,779,1060
3F,ASP,1622,0.08607514328168117,3.1130682703281547,1022,600
3F,ARG,1382,0.07333899384419444,3.071365451199565,269,1113
3F,ALA,1334,0.07079176395669709,3.118165587818671,554,780
3F,HISE,1102,0.05848015283379325,3.145068158894104,478,624
3F,LYS,1005,0.05333262576947569,3.0965425804750852,241,764
3F,THR,855,0.045372532371046485,3.0843641721101798,428,427
3F,GLY,661,0.03507747824241138,3.1267828416467403,339,322
3F,TYR,399,0.021173848439821695,3.1486945204933874,108,291
3F,PRO,278,0.014752706431755466,3.067933541996388,278,0
3F,PHE,222,0.011780938229675228,3.1714680311218655,67,155
3F,TRP,169,0.008968371895563574,3.2065600437329174,88,81
3F,GLUH,120,0.0063680747187433665,3.105743325653347,80,40
3F,ILE,104,0.005518998089577585,3.1160131246761775,20,84
3F,VAL,25,0.0013266822330715348,3.0566116454253973,25,0
3F,GLU,9,0.0004776056039057525,3.259609248711275,9,0
5F,ASN,2639,0.5220573689416419,3.111592425628851,718,1921
5F,THR,960,0.18991097922848665,3.0961569653044347,431,529
5F,SER,317,0.06271018793273986,3.061598309115648,212,105
5F,GLY,193,0.038180019782393666,3.1127005933732765,82,111
5F,PHE,184,0.03639960435212661,3.059024920149549,154,30
5F,ASP,176,0.03481701285855589,3.1358741710479467,165,11
5F,ALA,168,0.03323442136498516,3.05508087619364,134,34
5F,LYS,118,0.02334322453016815,3.010695325949922,2,116
5F,ILE,105,0.020771513353115726,3.0707125312959525,1,104
5F,VAL,66,0.013056379821958458,3.143131840990529,32,34
5F,GLUH,61,0.012067260138476756,3.1328366557806895,61,0
5F,GLU,39,0.00771513353115727,3.1962625562354834,29,10
5F,PRO,22,0.004352126607319486,3.098402392808697,22,0
5F,GLN,7,0.0013847675568743817,3.1056574314359806,6,1
neither,ASN,243,0.38510301109350237,3.133404455209406,130,113
neither,SER,139,0.2202852614896989,3.087774235605127,122,17
neither,GLN,80,0.12678288431061807,3.123353480561776,60,20
neither,THR,53,0.08399366085578447,3.1108991383647595,31,22
neither,ALA,41,0.06497622820919176,3.13995724549259,5,36
neither,ASP,33,0.05229793977812995,3.1688764132951177,33,0
neither,GLUH,31,0.0491283676703645,3.0851957964139705,30,1
neither,VAL,6,0.009508716323296355,3.3678948272655957,6,0
neither,LYS,5,0.00792393026941363,3.2398849606948206,5,0
