property,n,spearman_r,p_value
hydropathy,31020,0.006153212004916549,0.27849749067933877
volume_A3,31020,-0.06877522770861197,7.606967368619863e-34
mw_Da,31020,-0.0687170234728815,8.624458866785565e-34
charge,31020,0.006153212004916549,0.27849749067933877
