residue_class,n,mean,sem,std,min,max
Polar_uncharged,9360,-0.010391025641025644,0.0010515052457380728,0.10173007577794017,-0.16,0.8599999999999998
Special,4380,-0.013993150684931508,0.0010221641484150106,0.06764842653614221,-0.14,0.7800000000000001
Aliphatic,6540,-0.016302752293577985,0.0010207405792828877,0.08254756265010957,-0.14000000000000004,0.7799999999999999
Basic,2880,-0.01746875,0.0018500625828272242,0.09928477674793221,-0.16999999999999998,0.93
Acidic,2640,-0.019530303030303037,0.001803491967076801,0.09266509508342313,-0.17,0.93
Aromatic,3960,-0.020202020202020207,0.0011375684653703146,0.0715855123127836,-0.16000000000000003,0.85
Sulfur,960,-0.02196875,0.0019002482843019559,0.058877039670085535,-0.1,0.61
