property,n,spearman_r,p_value
hydropathy,30720,0.006802281433529268,0.23317913571222584
volume_A3,30720,-0.036984841867540655,8.912526390451095e-11
mw_Da,30720,-0.04451673386801951,5.900615029909015e-15
charge,30720,0.006802281433529268,0.23317913571222584
