region_type,n_residues,n_regions,mean_gamma23,sem_gamma23
3F,12534,20,-0.008023753881889164,0.0013486638036994641
5F,2281,12,0.009475718510286562,0.004376792965563659
