residue_class,n,mean,sem,std,min,max
Polar_uncharged,9360,-0.1136880341880342,0.0063648897502016286,0.6157845804675491,-1.79,6.38
Special,4380,-0.14718036529680364,0.005843271018511949,0.3867168407730955,-1.4499999999999997,4.95
Aliphatic,6540,-0.19213761467889906,0.005450570017771035,0.44078904978663486,-1.58,5.01
Aromatic,3960,-0.22025252525252526,0.006603027885674674,0.4155188442725908,-1.62,4.129999999999999
Acidic,2640,-0.26700378787878787,0.009592173921423983,0.49285481982278956,-1.6900000000000002,3.479999999999999
Basic,3030,-0.2672211221122112,0.010089476768442822,0.5553796454918659,-1.9900000000000004,4.37
Sulfur,960,-0.26816666666666666,0.009504024569954589,0.29447143105104184,-1.23,1.73
