property,n,spearman_r,p_value
hydropathy,30870,0.004056978909448268,0.4759821470214368
volume_A3,30870,-0.05367197371336258,3.853998642443866e-21
mw_Da,30870,-0.05705088946773657,1.1079058207057255e-23
charge,30870,0.004056978909448268,0.4759821470214368
