region_type,n_residues,n_regions,mean_gamma23,sem_gamma23
3F,12391,20,-0.26509765895373794,0.006171809520975406
5F,2342,12,-0.19639503819573137,0.01431926583465653
