property,n,spearman_r,p_value
hydropathy,31020,-0.004434153340804476,0.43483929718785347
volume_A3,31020,-0.017232976615334843,0.0024032816913877155
mw_Da,31020,-0.012178984447934133,0.03195155160365333
charge,31020,-0.004434153340804476,0.43483929718785347
