resname,n,mean,sem,std,min,max
SER,2760,-0.23518478260869566,0.013324627611850482,0.7000186674259392,-2.07,2.8799999999999994
GLY,2220,-0.24734234234234234,0.012696584935638864,0.5982234174971084,-1.9000000000000001,2.7100000000000004
CYS,300,-0.2511333333333333,0.028017715105225424,0.48528106074240435,-0.9,2.39
GLU,1140,-0.2520263157894737,0.017979129413680132,0.6070452764828982,-1.5500000000000003,2.17
LEU,1980,-0.26052020202020204,0.013337089715702499,0.593463027431112,-1.8400000000000005,3.0499999999999994
ASP,1500,-0.2627466666666667,0.01915927742316905,0.7420356238530149,-1.91,3.15
PHE,1800,-0.2658611111111111,0.014612572955988995,0.6199589656657783,-1.8500000000000003,2.9399999999999995
ARG,1260,-0.2674047619047619,0.01880888702127606,0.6676492574950564,-2.01,2.6
HIS,780,-0.2720128205128205,0.020373384190429642,0.5689976546781733,-1.59,2.5
PRO,2160,-0.27332407407407405,0.011821203984500879,0.5493999139691119,-1.6999999999999997,2.3099999999999996
TRP,720,-0.27581944444444445,0.0178288644117314,0.4783986334350985,-1.79,2.11
ASN,2640,-0.28007954545454544,0.013789936534231011,0.7085397681089147,-1.93,2.6499999999999995
GLN,1500,-0.28245333333333333,0.0172684976281324,0.6688060372777906,-1.91,2.74
ALA,1800,-0.28913333333333335,0.016823806626224003,0.7137736650464499,-1.8999999999999997,2.77
VAL,1620,-0.29162345679012347,0.015796587838481767,0.6358003959490506,-1.71,2.93
ILE,1140,-0.2946666666666667,0.01788512887200888,0.6038714529069384,-1.3700000000000003,3.0099999999999993
LYS,1140,-0.2955175438596491,0.023025277853769878,0.7774228573159967,-2.1499999999999995,3.53
THR,2460,-0.29889430894308944,0.013674160935612247,0.6782163269494764,-1.9699999999999995,3.36
TYR,1440,-0.3059513888888889,0.017778741524624758,0.6746558057907454,-1.4899999999999995,2.46
MET,660,-0.3221818181818182,0.026813900893872315,0.6888615866461334,-1.55,2.86
