region_type,n_residues,n_regions,mean_gamma23,sem_gamma23
3F,12511,20,-0.27638908299421533,0.003472095035881777
5F,2357,12,-0.6711514316871553,0.005412239802241892
