region_type,n_hbond_rows,hbonds_per_frame,n_region_residues,hbonds_per_frame_per_100res,length_mean,length_median,length_std,frac_under_3.0A
3F,17486,17.46853146853147,20888,0.08362950722200053,3.1101770527705033,3.0996131602397474,0.1989414989834545,0.32128559990849825
5F,5028,5.022977022977023,8073,0.06221946021277125,3.1195686494109203,3.115942828951531,0.2002213613816525,0.3054892601431981
neither,210,0.2097902097902098,1759,0.011926674803309256,3.1357478307954096,3.129904574434603,0.20256573049687707,0.2714285714285714
