region_type,prot_resname,count,share_of_region,length_mean,n_suc_donor,n_prot_donor
3F,ASN,4333,0.2477982385908727,3.1303344568630687,1598,2735
3F,SER,3838,0.2194898776163788,3.0772620986627395,1698,2140
3F,GLN,2234,0.12775935033741279,3.1184851567858853,761,1473
3F,LYS,1263,0.07222921194098135,3.061322186142527,116,1147
3F,THR,1231,0.07039917648404438,3.0972320299746054,516,715
3F,ALA,829,0.04740935605627359,3.138110401147946,447,382
3F,ASP,721,0.04123298638911129,3.1428759021935706,509,212
3F,ARG,619,0.03539974837012467,3.1032865601824167,221,398
3F,HISE,590,0.03374127873727553,3.126279999123066,179,411
3F,GLU,517,0.029566510351138053,3.115597518466006,243,274
3F,GLY,487,0.027850852110259637,3.1279875931970107,236,251
3F,PHE,338,0.01932974951389683,3.153498117887256,123,215
3F,TYR,187,0.010694269701475466,3.112123206158034,172,15
3F,PRO,122,0.006977010179572229,3.093579815028564,122,0
3F,TRP,77,0.004403522818254604,3.2661183987745135,40,37
3F,VAL,44,0.002516298753288345,3.2883993812600383,44,0
3F,ILE,40,0.0022875443211712227,3.1444677395274536,12,28
3F,LEU,16,0.000915017728468489,3.1362734461013644,16,0
5F,ASN,1650,0.32816229116945106,3.1353870474255885,612,1038
5F,THR,1376,0.273667462211615,3.087419859932825,631,745
5F,GLN,482,0.0958631662688942,3.1310173922313607,181,301
5F,SER,383,0.07617342879872713,3.1011693757312835,270,113
5F,GLY,352,0.07000795544948289,3.0982018498353923,226,126
5F,PRO,217,0.04315831344470963,3.1652869544531543,217,0
5F,ASP,203,0.0403739061256961,3.1772140149195023,136,67
5F,ALA,174,0.034606205250596656,3.0998850290060194,105,69
5F,HISE,117,0.023269689737470168,3.1626273331604895,51,66
5F,PHE,26,0.005171042163882259,3.1440530661925927,24,2
5F,GLU,16,0.0031821797931583136,3.2477249185601966,15,1
5F,VAL,12,0.002386634844868735,3.244524505394365,12,0
5F,LYS,10,0.001988862370723946,2.9992724362525345,0,10
5F,TRP,7,0.0013922036595067622,3.140526474583744,7,0
5F,LEU,3,0.0005966587112171838,3.3929064255106085,3,0
neither,ASN,97,0.46190476190476193,3.146824894282165,15,82
neither,THR,58,0.2761904761904762,3.110154950809152,45,13
neither,GLU,32,0.1523809523809524,3.0723356124316883,32,0
neither,GLN,10,0.047619047619047616,3.158214169390585,10,0
neither,ASP,7,0.03333333333333333,3.3190874606678173,7,0
neither,SER,3,0.014285714285714285,3.2847405976187143,2,1
neither,TRP,3,0.014285714285714285,3.297109088494851,3,0
