region_type,n_residues,n_regions,mean_gamma23,sem_gamma23
3F,12523,20,0.0004875498018148551,0.0015175468658057323
5F,2268,12,0.007809164540958226,0.004099332827720269
