region_type,n_hbond_rows,hbonds_per_frame,n_region_residues,hbonds_per_frame_per_100res,length_mean,length_median,length_std,frac_under_3A
3F,112762,112.64935064935065,4703,2.3952658016021826,3.1133785602224866,3.1046480811338375,0.19977840714853895,0.3186800517904968
5F,20126,20.105894105894105,1019,1.9731005010690976,3.1109652499519003,3.1043026555429494,0.20257744730116065,0.31988472622478387
neither,55132,55.07692307692308,9713,0.5670433756503972,3.1150087934074238,3.1071283370858636,0.20080680295183367,0.31683958499600956
