region_type,n_hbond_rows,hbonds_per_frame,n_region_residues,hbonds_per_frame_per_100res,length_mean,length_median,length_std,frac_under_3.0A
3F,143259,143.1158841158841,12391,1.1549986612532008,3.113331419107683,3.10482090143171,0.1999782384984389,0.31926789939899064
5F,37690,37.65234765234765,2342,1.6077005829354247,3.111959551248303,3.104144501437598,0.20232878273415558,0.3211461926240382
neither,7071,7.0639360639360635,702,1.0062586985663908,3.127739127419319,3.120782836127211,0.19764695871649618,0.2827040022627634
