region_type,na_per_frame,cl_per_frame,net_ion_charge_per_frame,n_region_residues,net_ion_charge_per_100res
3F,12.243512974051896,106.85229540918164,-94.60878243512974,4991,-1.8955877065744289
5F,7.347305389221557,4.902195608782435,2.4451097804391217,1074,0.22766385292729255
neither,14.017964071856287,252.03393213572855,-238.01596806387226,24955,-0.953780677474944
