region_type,n_hbond_rows,hbonds_per_frame,n_region_residues,hbonds_per_frame_per_100res,length_mean,length_median,length_std,frac_under_3.0A
3F,122400,122.27772227772228,12351,0.9900228506009414,3.1157497436738906,3.1074862795850695,0.20068649081556242,0.3152287581699346
5F,30754,30.723276723276722,2332,1.3174646965384529,3.112360866959917,3.10333330333783,0.2030163876127109,0.3245756649541523
neither,3496,3.4925074925074924,677,0.5158799841222292,3.108121685425252,3.102765769144286,0.20031047937321628,0.32837528604118993
