region_type,n_hbond_rows,hbonds_per_frame,n_region_residues,hbonds_per_frame_per_100res,length_mean,length_median,length_std,frac_under_3A
3F,97686,97.58841158841159,4728,2.064052698570465,3.114632749234571,3.106216061356025,0.20082777050588435,0.3165141371332637
5F,18661,18.64235764235764,1007,1.8512768264506099,3.1082287694401582,3.0991846445247964,0.2027547098311334,0.33111837522104925
neither,40303,40.26273726273726,9625,0.4183141533790884,3.118691817784411,3.110517491790851,0.20107668291404646,0.31302880678857653
