region_type,na_per_frame,cl_per_frame,net_ion_charge_per_frame,n_region_residues,net_ion_charge_per_100res
3F,478.74051896207584,249.99800399201598,228.74251497005986,20894,1.0947760838999705
5F,217.29141716566866,52.64670658682635,164.6447105788423,8102,2.032148982706027
neither,42.12774451097805,8.315369261477047,33.812375249501,1724,1.9612746664443736
