residue_class,n,mean,sem,std,min,max
Special,4380,-0.0319703196347032,0.0017754353414370057,0.1175010955443016,-0.26,2.3700000000000006
Polar_uncharged,9360,-0.0432948717948718,0.001896150640597109,0.1834470623291436,-0.39,2.0599999999999996
Aliphatic,6540,-0.05124464831804282,0.0014005907362475494,0.1132661460650288,-0.29,1.2200000000000002
Aromatic,3960,-0.058030303030303036,0.0016357406207223655,0.10293475417949718,-0.4600000000000002,0.9099999999999999
Sulfur,960,-0.05928125,0.0016283184021160053,0.05045160042974688,-0.22,0.56
Basic,3180,-0.08528301886792453,0.003076200503563843,0.17347152599559987,-0.5500000000000003,2.2800000000000002
Acidic,2640,-0.09337121212121212,0.002632646434522681,0.13526782299534934,-0.40000000000000013,1.6200000000000003
