property,n,spearman_r,p_value
hydropathy,31020,0.07888492488224197,5.155370444307165e-44
volume_A3,31020,-0.019969118716575588,0.00043601150254835415
mw_Da,31020,-0.06611119415330736,2.135675484797832e-31
charge,31020,0.07888492488224197,5.155370444307165e-44
