region_type,n_residues,n_regions,mean_gamma23,sem_gamma23
3F,12341,20,-0.10574203893033882,0.0019565911675330223
5F,2327,12,-0.1545441458428315,0.005085298344503741
