residue_class,n,mean,sem,std,min,max
Special,4200,-0.023833333333333335,0.0007351459192824686,0.047642900783623536,-0.18999999999999997,0.63
Sulfur,780,-0.032525641025641025,0.0012021592813995377,0.03357448155261584,-0.14,0.08
Polar_uncharged,9960,-0.03305020080321285,0.0007360987555748561,0.07346250829144185,-0.22000000000000006,0.6100000000000001
Aliphatic,6180,-0.03461488673139159,0.0006592311089393186,0.051824119364046975,-0.18,0.5199999999999999
Aromatic,3900,-0.035876923076923084,0.0008669485265412888,0.05414091812964789,-0.19,0.5299999999999999
Acidic,2700,-0.039200000000000006,0.001551802078321555,0.08063400128831735,-0.21,0.59
Basic,3420,-0.05300292397660819,0.0013317782879725493,0.07788341451450125,-0.28,0.54
