property,n,spearman_r,p_value
hydropathy,31140,0.07543527984204589,1.5454536244213518e-40
volume_A3,31140,-0.06872424042944941,6.379465012181835e-34
mw_Da,31140,-0.08630558789800197,1.460820229971786e-52
charge,31140,0.07543527984204589,1.5454536244213518e-40
