resname,n,mean,sem,std,min,max
TRP,720,-0.019069444444444444,0.0017149229387085846,0.04601621120551321,-0.16,0.52
CYS,300,-0.020666666666666663,0.0008569127825562022,0.014842164770425638,-0.05,0.0
GLY,2220,-0.022036036036036037,0.0012442901201507883,0.05862706324636086,-0.18999999999999997,0.63
THR,2700,-0.0256962962962963,0.0014609481559907387,0.07591309300200064,-0.20000000000000004,0.6100000000000001
PRO,1980,-0.02584848484848485,0.0006942982407249095,0.030894321374743523,-0.18,0.31999999999999995
LEU,1920,-0.02816666666666667,0.001046194346264475,0.045841939438673894,-0.16000000000000003,0.5199999999999999
SER,2880,-0.029517361111111112,0.0012223471089828502,0.06559802946686392,-0.18999999999999997,0.5700000000000001
HIS,840,-0.03190476190476191,0.0015471441813828487,0.04484049842618742,-0.18,0.23
ASP,1560,-0.03364102564102564,0.002227290414620181,0.08797092270774441,-0.17999999999999997,0.59
PHE,1620,-0.03373456790123457,0.001256269533920239,0.05056387336633738,-0.18000000000000002,0.46000000000000013
ILE,1140,-0.034315789473684216,0.001615450693112264,0.054543893092991264,-0.14000000000000004,0.42
VAL,1740,-0.03621264367816092,0.0011208705088455659,0.04675521589965668,-0.18,0.37
GLN,1920,-0.03975,0.0016669445660273462,0.07304185127390699,-0.22,0.53
MET,480,-0.0399375,0.0017984980359404999,0.03940311775653395,-0.14,0.08
ASN,2460,-0.040028455284552844,0.0015840034960003435,0.07856401851572782,-0.22000000000000006,0.54
ALA,1380,-0.041818840579710144,0.0016556214672200757,0.061503607788108976,-0.18,0.4600000000000001
TYR,1560,-0.045858974358974375,0.0014902037769723272,0.05885833316674912,-0.19,0.5299999999999999
GLU,1140,-0.04680701754385966,0.0020335164191353687,0.06865941662043286,-0.21,0.4800000000000002
ARG,1500,-0.05879333333333333,0.0021309285631850657,0.08253050837173459,-0.28,0.54
LYS,1080,-0.061370370370370374,0.0026755739938610756,0.087928333842714,-0.25,0.42
