property,n,spearman_r,p_value
hydropathy,31020,0.0707820436572017,9.403155602323001e-36
volume_A3,31020,-0.028164838034568332,7.001750672313564e-07
mw_Da,31020,-0.06970108833034509,1.0180433393984764e-34
charge,31020,0.0707820436572017,9.403155602323001e-36
