residue_class,n,mean,sem,std,min,max
Sulfur,780,0.12152564102564102,0.010300837124295978,0.2876867245108712,-0.14,1.4
Aromatic,3960,0.09252525252525252,0.003748975343350669,0.23591751070067482,-0.19,1.34
Basic,3000,0.07968,0.00424609075974884,0.2325679690328689,-0.3099999999999999,1.43
Acidic,2400,0.06729166666666667,0.0042389669095365,0.2076661192981393,-0.29,1.33
Special,4500,0.051611111111111115,0.0028182015069876556,0.1890507043175024,-0.25,1.2099999999999997
Aliphatic,6240,0.04744070512820513,0.0023938230443882333,0.18909686912095475,-0.20000000000000004,1.16
Polar_uncharged,10260,0.04717153996101365,0.0017289739278754214,0.17513063596064682,-0.27,1.26
