property,n,spearman_r,p_value
hydropathy,31140,-0.03737914455016879,4.162844692521954e-11
volume_A3,31140,0.013862475021643493,0.014434483673340756
mw_Da,31140,0.04478050167502084,2.6610525630128705e-15
charge,31140,-0.03737914455016879,4.162844692521954e-11
