resname,n,mean,sem,std,min,max
CYS,300,0.12973333333333334,0.01755347893771477,0.3040351736971215,-0.07000000000000002,1.17
MET,480,0.11639583333333332,0.012651528466771238,0.27718110112677424,-0.14,1.4
PHE,1620,0.11298765432098765,0.006278272277755534,0.2526955846976487,-0.18000000000000002,1.34
TYR,1620,0.09579012345679012,0.006092946864641982,0.2452363807074063,-0.19,1.1900000000000002
ARG,1260,0.09453174603174604,0.006916150682740612,0.24549899538619405,-0.25,1.36
GLN,2040,0.08975980392156864,0.005398847081915149,0.24384626636543685,-0.27,1.26
ASP,1260,0.08523015873015873,0.006344032820897405,0.2251908258901894,-0.21,1.18
HIS,720,0.08270833333333333,0.008717768943061893,0.23392228762587466,-0.14,1.16
LYS,1020,0.05919607843137255,0.0066723845082974275,0.2130988721863606,-0.3099999999999999,1.43
PRO,2040,0.059063725490196076,0.00451209564773765,0.2037949326014742,-0.14000000000000007,1.18
ILE,1320,0.055136363636363636,0.0055173029586892556,0.20045357107846395,-0.20000000000000004,1.0399999999999998
LEU,2100,0.05363333333333333,0.004357662082677287,0.1996931634690758,-0.17,1.16
ASN,2820,0.04921985815602836,0.00331799188146364,0.17619755320035896,-0.27,1.2200000000000002
GLU,1140,0.04746491228070175,0.005463497209889077,0.18446889713231046,-0.29,1.33
GLY,2460,0.04543089430894309,0.0035422837648511627,0.17569156128280947,-0.25,1.2099999999999997
ALA,1500,0.044320000000000005,0.004708576687121204,0.18236239093560913,-0.19,1.06
SER,2400,0.04039583333333333,0.0031647461676964257,0.15504026552569533,-0.14999999999999997,1.2300000000000002
TRP,720,0.03913888888888889,0.005705054549240631,0.15308267744935766,-0.17,0.9700000000000001
VAL,1320,0.03343939393939394,0.0045539163355837724,0.16545199687152673,-0.16,1.12
THR,3000,0.021706666666666662,0.002172387822784064,0.11898658141883672,-0.2599999999999999,1.08
