residue_class,n,mean,sem,std,min,max
Polar_uncharged,9360,-0.03932478632478632,0.006476348140104815,0.6265678556788673,-1.3,9.08
Special,4380,-0.09921917808219177,0.0062298172702644405,0.4122990779852372,-1.05,7.269999999999998
Aliphatic,6540,-0.1326896024464832,0.005381285915208389,0.43518602594980005,-1.18,8.150000000000002
Aromatic,3960,-0.16382828282828282,0.006008676598045616,0.37811719090939006,-1.5399999999999998,2.83
Acidic,2640,-0.1883598484848485,0.008908089874285421,0.45770594506739215,-1.3299999999999996,4.0600000000000005
Basic,3180,-0.19027672955974845,0.009328257217496584,0.5260343116529294,-1.76,7.010000000000001
Sulfur,960,-0.21084375,0.009562022929372558,0.29626844449210704,-0.9699999999999999,2.06
