resname,n,mean,sem,std,min,max
SER,2760,-0.0017173913043478264,0.012200661298434053,0.6409703079618697,-1.2100000000000002,8.53
ASN,2640,-0.0254469696969697,0.013067967225080857,0.6714443133461471,-1.2699999999999998,9.08
GLN,1500,-0.041286666666666666,0.01864004999908992,0.7219260321894884,-1.3,8.67
GLY,2220,-0.06363513513513513,0.010524860129735324,0.49589852920339744,-1.05,7.269999999999998
ALA,1800,-0.06637777777777779,0.014804638310955898,0.6281076085614643,-1.18,8.150000000000002
THR,2460,-0.09521544715447154,0.009600973258897345,0.47619278794878056,-1.1899999999999997,3.2000000000000006
TRP,720,-0.1042638888888889,0.01012407666586205,0.27165748361144365,-1.15,2.83
LEU,1980,-0.13156565656565655,0.007262411610478291,0.3231569159897705,-1.0399999999999998,4.86
PRO,2160,-0.13579166666666667,0.0064332138022226175,0.2989887590231987,-1.0,2.63
HIS,780,-0.13642307692307692,0.01344942142052513,0.3756218983320415,-1.02,2.63
CYS,300,-0.14483333333333334,0.005637796151670345,0.09764949377409331,-0.31999999999999995,0.22000000000000003
PHE,1800,-0.14718333333333333,0.00933722389563426,0.39614486004360344,-1.2399999999999998,2.7999999999999994
ASP,1500,-0.17138,0.01300534850717948,0.5036949817992962,-1.2899999999999998,4.0600000000000005
VAL,1620,-0.17196913580246911,0.008876617585996857,0.35727696598606307,-1.18,2.7
ILE,1140,-0.18352631578947368,0.008861783214420695,0.2992082384943683,-0.8999999999999999,1.5
ARG,1260,-0.20343650793650792,0.014870369592813373,0.5278457574915748,-1.3999999999999997,7.010000000000001
GLU,1140,-0.21070175438596492,0.01149412209161987,0.3880862283424303,-1.3299999999999996,3.7800000000000002
LYS,1140,-0.21257894736842106,0.017897552784670447,0.6042909324781186,-1.76,5.86
TYR,1440,-0.21441666666666667,0.01039504032554101,0.3944640455760933,-1.5399999999999998,2.6000000000000005
MET,660,-0.24084848484848487,0.013513269881414701,0.3471621890500848,-0.9699999999999999,2.06
