region_type,n_hbond_rows,hbonds_per_frame,n_region_residues,hbonds_per_frame_per_100res,length_mean,length_median,length_std,frac_under_3.0A
3F,203797,203.5934065934066,21050,0.9671895800161835,3.113395678134903,3.1050938827229624,0.20014045365244873,0.3188712297040683
5F,60951,60.89010989010989,8218,0.7409358711378667,3.113339628314573,3.1046501891115112,0.2001579937450729,0.31804236189726176
neither,9195,9.185814185814186,1752,0.524304462660627,3.1199990005317617,3.1061866584216298,0.1975305130562142,0.3025557368134856
