region_type,n_residues,n_regions,mean_gamma23,sem_gamma23
3F,12515,20,-0.03390778698776504,0.0009655313598743652
5F,2396,12,0.12503175930590624,0.006408274773052783
