region_type,na_per_frame,cl_per_frame,net_ion_charge_per_frame,n_region_residues,net_ion_charge_per_100res
3F,241.26347305389223,173.70658682634732,67.55688622754491,4856,1.3912044116051259
5F,90.52095808383234,13.037924151696608,77.48303393213573,1105,7.012039269876536
neither,437.8922155688623,150.22155688622755,287.6706586826348,24759,1.1618831886693113
