region_type,n_hbond_rows,hbonds_per_frame,n_region_residues,hbonds_per_frame_per_100res,length_mean,length_median,length_std,frac_under_3A
3F,11311,11.2997002997003,4845,0.23322394839422705,3.114941294651385,3.105217348350147,0.19828889506804034,0.31606400848731325
5F,3536,3.5324675324675323,1018,0.34700073992804836,3.1096778090451336,3.09902652422731,0.1942183536685423,0.3088235294117647
neither,4522,4.5174825174825175,9497,0.04756746885840284,3.0989503732476336,3.0824353895902528,0.19413062637672257,0.3416629809818664
