region_type,n_hbond_rows,hbonds_per_frame,n_region_residues,hbonds_per_frame_per_100res,length_mean,length_median,length_std,frac_under_3.0A
3F,14209,14.194805194805195,12317,0.1152456376942859,3.110490191379019,3.098518635869164,0.1968003752093911,0.321627137729608
5F,4876,4.871128871128871,2323,0.2096912988002097,3.1082709929351795,3.097687565885061,0.19602298470172033,0.3203445447087777
neither,284,0.2837162837162837,720,0.03940503940503941,3.132009906883073,3.1384088970929804,0.20146434477434166,0.28169014084507044
