region_type,prot_resname,count,share_of_region,length_mean,n_suc_donor,n_prot_donor
3F,ASN,3520,0.2477303117742276,3.116446692296844,1154,2366
3F,SER,2746,0.19325779435569004,3.113454910737474,1475,1271
3F,GLN,1928,0.13568864803997466,3.1274764113125455,720,1208
3F,ASP,1698,0.11950172425927229,3.0752847239360466,553,1145
3F,ALA,1016,0.0715039763530157,3.1312083987675203,608,408
3F,THR,998,0.07023717362235203,3.1125614881446717,595,403
3F,GLY,662,0.0465901893166303,3.119127974427878,489,173
3F,LYS,461,0.03244422549088606,3.054589813796282,136,325
3F,ARG,338,0.023787740164684355,3.0796032268310105,98,240
3F,PHE,223,0.01569427827433317,3.155797473894537,56,167
3F,HISE,221,0.01555352241537054,3.104931601449497,18,203
3F,TYR,134,0.009430642550496164,3.052177918744171,63,71
3F,PRO,118,0.00830459567879513,3.137439425133594,118,0
3F,GLUH,54,0.0038004081919909916,3.0736120313690387,12,42
3F,GLU,39,0.0027447392497712718,3.153337118427418,14,25
3F,VAL,22,0.0015483144485889226,3.1077587967941342,22,0
3F,TRP,15,0.0010556689422197198,3.1820730238659976,6,9
3F,LEU,11,0.0007741572242944613,3.0564600748407442,11,0
3F,ILE,5,0.0003518896474065733,3.3017064328938686,5,0
5F,THR,1829,0.3751025430680886,3.094110113165557,685,1144
5F,ASN,1248,0.2559474979491386,3.1259362316510586,471,777
5F,SER,563,0.11546349466776046,3.114306737110376,443,120
5F,GLY,303,0.06214109926168991,3.108983835802709,168,135
5F,ALA,282,0.05783429040196883,3.072262531718845,115,167
5F,ASP,165,0.03383921246923708,3.1224617739992646,99,66
5F,PHE,136,0.02789171452009844,3.106180283112191,114,22
5F,PRO,114,0.023379819524200166,3.155042084692334,114,0
5F,VAL,113,0.02317473338802297,3.125774351909523,46,67
5F,GLU,45,0.009228876127973748,3.158959427231243,40,5
5F,LYS,41,0.008408531583264971,3.0670682534045275,2,39
5F,GLN,33,0.006767842493847416,3.0846491566187515,33,0
5F,ILE,2,0.00041017227235438887,3.3991925934350125,0,2
5F,LEU,2,0.00041017227235438887,3.4249638407056793,2,0
neither,GLU,83,0.29225352112676056,3.164361704169633,83,0
neither,ASN,53,0.18661971830985916,3.1144347349163537,8,45
neither,THR,51,0.1795774647887324,3.031660482865774,16,35
neither,GLN,28,0.09859154929577464,3.158468162219146,28,0
neither,ALA,21,0.07394366197183098,3.2213649620039186,4,17
neither,SER,21,0.07394366197183098,3.1440647639888213,19,2
neither,TYR,20,0.07042253521126761,3.13964527026984,20,0
neither,ASP,7,0.02464788732394366,3.180718334087381,7,0
