region_type,n_residues,n_regions,mean_gamma23,sem_gamma23
3F,4958,20,0.030474192624624644,0.003028964249178993
5F,990,12,0.04342029817178131,0.00958614735697998
