property,n,spearman_r,p_value
hydropathy,31020,0.015858906452806115,0.005218743207744337
volume_A3,31020,-0.04228365716000493,9.317131054786697e-14
mw_Da,31020,-0.04897994723344034,6.059291420687858e-18
charge,31020,0.015858906452806115,0.005218743207744337
