resname,n,mean,sem,std,min,max
THR,2460,0.00347154471544715,0.0029724061900242163,0.14742655274371685,-0.14999999999999997,1.16
ASN,2640,0.0033371212121212084,0.0029762866993350468,0.152924379494985,-0.14999999999999997,1.31
ALA,1800,0.0030777777777777765,0.0036484103052245595,0.15478894004251006,-0.14000000000000004,1.41
GLY,2220,0.002004504504504505,0.002480237465831324,0.11686104102286496,-0.14,1.0
SER,2760,0.0016231884057971006,0.002510143211547574,0.13187213610630677,-0.14999999999999997,1.3900000000000001
VAL,1620,0.0004259259259259256,0.003456391052056008,0.13911705628594648,-0.14,0.97
GLN,1500,-0.0003933333333333336,0.0035552294764678934,0.13769344554305865,-0.17,1.26
ASP,1500,-0.0004133333333333383,0.0038619808433488275,0.14957387489662083,-0.15999999999999998,1.2699999999999998
ARG,1260,-0.0015476190476190498,0.004416983218322986,0.15678735072126537,-0.16,1.46
LYS,1140,-0.007052631578947372,0.004494218659241362,0.15174228661471886,-0.18999999999999997,1.3500000000000005
HIS,780,-0.007217948717948719,0.004222051431735375,0.11791547933978222,-0.13,1.24
TYR,1440,-0.0077152777777777844,0.0036147416857874007,0.13716980256293862,-0.16000000000000003,1.0599999999999998
PHE,1800,-0.008161111111111116,0.002600046397500439,0.11031062634433285,-0.12999999999999998,1.16
TRP,720,-0.008472222222222221,0.0027422498102607938,0.07358228384434842,-0.13,1.28
CYS,300,-0.0088,0.0024247148115815157,0.041997292475239825,-0.030000000000000006,0.42999999999999994
GLU,1140,-0.009578947368421055,0.0033225335916710415,0.112181645527564,-0.14999999999999997,1.14
LEU,1980,-0.010202020202020205,0.0018572643705306907,0.08264304728919833,-0.11000000000000001,0.93
ILE,1140,-0.011245614035087724,0.0030687423739396945,0.10361266777609221,-0.09000000000000001,0.94
PRO,2160,-0.011824074074074075,0.0016479452064180882,0.07658957207903519,-0.11000000000000003,0.84
MET,660,-0.012954545454545456,0.004476847506942028,0.11501229489177502,-0.1,0.96
