region_type,na_per_frame,cl_per_frame,net_ion_charge_per_frame,n_region_residues,net_ion_charge_per_100res
3F,12.654690618762475,117.97604790419162,-105.32135728542914,4950,-2.127704187584427
5F,6.043912175648702,4.712574850299402,1.3313373253493008,1078,0.12350067953147503
neither,14.19560878243513,236.83632734530937,-222.64071856287424,24992,-0.8908479455940871
