residue_class,n,mean,sem,std,min,max
Special,4380,-0.045111872146118726,0.0018356732943594785,0.12148773774778944,-0.32,1.8599999999999999
Polar_uncharged,9360,-0.05842948717948718,0.002110105184817391,0.20414654251222744,-0.47,3.38
Aliphatic,6540,-0.06546024464831804,0.0015695256906031248,0.12692796084098032,-0.36,1.3900000000000001
Sulfur,960,-0.07516666666666666,0.0020564497643226565,0.06371676551627053,-0.26,0.67
Aromatic,3960,-0.07558838383838384,0.0018455003698092459,0.11613462702943343,-0.5299999999999999,0.89
Basic,3180,-0.10550314465408805,0.0035981008440629098,0.2029022631595493,-0.6500000000000001,1.7199999999999998
Acidic,2640,-0.11099621212121213,0.0032119495880245114,0.16503295795648998,-0.5099999999999999,1.3700000000000003
