property,n,spearman_r,p_value
hydropathy,31020,0.07990362981980094,4.076712825426721e-45
volume_A3,31020,-0.02420797112940132,2.0072675673915568e-05
mw_Da,31020,-0.06864157662371899,1.0146937577824826e-33
charge,31020,0.07990362981980094,4.076712825426721e-45
