resname,n,mean,sem,std,min,max
CYS,300,-0.032466666666666665,0.0016478581979812556,0.02854174122572429,-0.08999999999999998,0.0
TRP,720,-0.03654166666666667,0.00377459706012592,0.10128306736934903,-0.44,0.7399999999999999
GLY,2220,-0.03905405405405406,0.003049042238118002,0.14366134492276394,-0.32,1.8599999999999999
SER,2760,-0.04064855072463768,0.0040428037145939216,0.2123915317856787,-0.35999999999999993,3.38
PRO,2160,-0.05133796296296297,0.0020007971756617468,0.09298864968572136,-0.31999999999999995,1.0299999999999998
GLN,1500,-0.053573333333333334,0.00495263071552618,0.1918145628114822,-0.47,1.81
LEU,1980,-0.05883838383838384,0.0021054067913984036,0.09368468796653866,-0.3499999999999999,1.23
THR,2460,-0.061654471544715456,0.003774359289473967,0.18720213298265204,-0.42,1.57
VAL,1620,-0.06382716049382717,0.0026306207395136367,0.10588044233831867,-0.36,0.83
HIS,780,-0.06453846153846154,0.004386591012981915,0.12251081975823802,-0.32,1.03
ILE,1140,-0.06547368421052632,0.003152770668350254,0.10644978953205624,-0.2800000000000001,0.86
PHE,1800,-0.06965555555555557,0.0029665848704325364,0.12586153673089573,-0.38,0.89
ALA,1800,-0.07420555555555557,0.004184206696448029,0.17752085573667378,-0.33,1.3900000000000001
ASN,2640,-0.07677272727272727,0.004192110646598138,0.21539454500420535,-0.4000000000000001,1.8299999999999994
MET,660,-0.09457575757575758,0.0025616871894405665,0.06581093548430215,-0.26,0.67
TYR,1440,-0.10252777777777779,0.0027186983277469514,0.10316734783885578,-0.5299999999999999,0.6300000000000002
ASP,1500,-0.11087999999999999,0.004612984468435403,0.17866012022563788,-0.4400000000000001,1.3700000000000003
GLU,1140,-0.11114912280701755,0.004301761050587107,0.14524416985007368,-0.5099999999999999,0.84
ARG,1260,-0.11683333333333334,0.0044556462793186,0.1581597532423188,-0.48,0.84
LYS,1140,-0.12100877192982458,0.008135831251914933,0.27469727916742226,-0.6500000000000001,1.7199999999999998
