region_type,n_residues,n_regions,mean_gamma23,sem_gamma23
3F,12574,20,-2.9458273201725778,0.033700464817098104
5F,2269,12,-4.303585717885705,0.05854582871238243
