region_type,n_residues,n_regions,mean_gamma23,sem_gamma23
3F,12559,20,-0.17917340894173175,0.005641159509513193
5F,2252,12,-0.031118392185870425,0.014510371571704352
