region_type,na_per_frame,cl_per_frame,net_ion_charge_per_frame,n_region_residues,net_ion_charge_per_100res
3F,343.43512974051896,229.47704590818364,113.95808383233532,20885,0.5456456013039757
5F,118.64271457085829,54.920159680638726,63.72255489021956,8245,0.7728630065520868
neither,21.50499001996008,7.015968063872256,14.489021956087823,1740,0.832702411269415
