region_type,n_residues,n_regions,mean_gamma23,sem_gamma23
3F,4893,20,0.0015210133415960564,0.00887538131579526
5F,998,12,0.15681538752791116,0.021518425817097373
