region_type,n_residues,n_regions,mean_gamma23,sem_gamma23
3F,12390,20,-0.0486077460482417,0.0013425162100079607
5F,2345,12,-0.08359432095580209,0.002852018815478894
