region_type,n_hbond_rows,hbonds_per_frame,n_region_residues,hbonds_per_frame_per_100res,length_mean,length_median,length_std,frac_under_3.0A
3F,130018,129.8881118881119,12559,1.0342233608417222,3.114887394536796,3.107006152879473,0.20050741451018006,0.31631004937777846
5F,41771,41.72927072927073,2252,1.8529871549409738,3.105795403512048,3.0957282817432135,0.19967068203191563,0.33140216896890184
neither,5308,5.302697302697303,699,0.7586119174102007,3.1060039598063627,3.0972979022351144,0.20324072092777457,0.33345892991710624
