region_type,n_hbond_rows,hbonds_per_frame,n_region_residues,hbonds_per_frame_per_100res,length_mean,length_median,length_std,frac_under_3A
3F,102196,102.0939060939061,4950,2.062503153412244,3.1148986731213038,3.107460323559499,0.2006768193857741,0.31606912207914206
5F,22119,22.096903096903098,996,2.2185645679621584,3.106725909226177,3.098822961637592,0.20103300992821357,0.32985216329852163
neither,52782,52.72927072927073,9564,0.5513307269894472,3.1101970917578057,3.099861003675592,0.19963118304260297,0.3247698078890531
