property,n,spearman_r,p_value
hydropathy,31020,0.02236462081599252,8.171908726509427e-05
volume_A3,31020,-0.04046588771637008,1.0059846392532814e-12
mw_Da,31020,-0.04952276313219875,2.6106050111917627e-18
charge,31020,0.02236462081599252,8.171908726509427e-05
