property,n,spearman_r,p_value
hydropathy,30720,-0.0070957478343305685,0.21363009318154824
volume_A3,30720,-0.006006914981815695,0.2924299310196354
mw_Da,30720,-0.002506965027257635,0.6603850380600161
charge,30720,-0.0070957478343305685,0.21363009318154824
