region_type,n_residues,n_regions,mean_gamma23,sem_gamma23
3F,12554,20,-2.42288528059607,0.02540240747710347
5F,2281,12,-2.0460090871712717,0.05455622078101555
