region_type,na_per_frame,cl_per_frame,net_ion_charge_per_frame,n_region_residues,net_ion_charge_per_100res
3F,233.50299401197606,164.98003992015967,68.52295409181639,4728,1.4493010594715818
5F,84.55688622754491,10.417165668662674,74.13972055888223,1089,6.808055147739416
neither,420.09980039920157,135.562874251497,284.53692614770455,24903,1.1425809185548108
