resname,n,mean,sem,std,min,max
SER,2760,0.0001340579710144929,0.008630981235429774,0.4534346594144528,-0.9399999999999998,3.5099999999999993
ASN,2640,-0.011965909090909093,0.009287044511883353,0.47717698689422894,-1.0399999999999996,3.420000000000001
ALA,1800,-0.01542777777777778,0.01137266972904033,0.4825015131359636,-0.99,3.1499999999999995
THR,2460,-0.04254471544715448,0.008220170528849165,0.4077071996757802,-0.9700000000000003,2.86
GLN,1500,-0.04665999999999999,0.01115064266903032,0.4318625335666425,-0.9699999999999999,3.44
GLY,2220,-0.047545045045045045,0.007088430989003855,0.33398472364261184,-1.04,2.77
PRO,2160,-0.08297222222222224,0.006138580096191293,0.2852954217829104,-0.72,2.759999999999999
HIS,780,-0.08388461538461539,0.012128738572380011,0.3387372337056678,-0.88,2.78
TRP,720,-0.08419444444444445,0.007186277464212432,0.19282805898184574,-0.96,1.88
PHE,1800,-0.09018333333333334,0.008820267666200124,0.3742122647190331,-0.9699999999999998,3.3199999999999994
VAL,1620,-0.09488271604938273,0.00779790619059524,0.313859669838073,-1.1,2.6
LEU,1980,-0.10696969696969698,0.005785288787190055,0.25742909970582234,-0.83,2.0099999999999993
CYS,300,-0.11529999999999999,0.004358608647521813,0.07549331627816849,-0.25,0.0
ILE,1140,-0.12206140350877194,0.00891368932693186,0.3009607905615734,-0.67,2.0799999999999996
ASP,1500,-0.13557333333333335,0.010069436644615742,0.3899876043028746,-1.0999999999999999,2.2599999999999993
ARG,1260,-0.1387936507936508,0.010581625806722495,0.37561045504485674,-0.9499999999999998,2.75
GLU,1140,-0.1393157894736842,0.009807689295042712,0.33114570359771967,-0.9700000000000003,2.1600000000000006
TYR,1440,-0.14151388888888888,0.008734116696976435,0.33143642534582657,-1.25,1.8999999999999997
MET,660,-0.17815151515151514,0.011204440541897254,0.28784728934898995,-0.75,1.66
LYS,1140,-0.1802280701754386,0.013007225509502117,0.439174479698842,-1.4699999999999998,2.0799999999999996
