region_type,n_residues,n_regions,mean_gamma23,sem_gamma23
3F,12566,20,-0.2931886925341871,0.007291741969305893
5F,2275,12,-0.4220076278124327,0.016886438065845936
