region_type,n_residues,n_regions,mean_gamma23,sem_gamma23
3F,12422,20,-3.3195191148869405,0.03532164513724986
5F,2338,12,-4.057133923122752,0.07681753226147894
