residue_class,n,mean,sem,std,min,max
Special,4380,-0.04274657534246576,0.0020435607453941095,0.13524605531440423,-0.33999999999999997,3.3000000000000003
Polar_uncharged,9360,-0.06453525641025641,0.0019971378524590304,0.1932172815048977,-0.52,2.34
Aliphatic,6540,-0.06740366972477065,0.0016167062856376245,0.13074346813394594,-0.37,1.77
Aromatic,3960,-0.07413383838383839,0.00201798418689317,0.12698878024086033,-0.6199999999999998,1.92
Sulfur,960,-0.07420833333333333,0.002182676190683666,0.06762774829345027,-0.27,0.5
Basic,2880,-0.10669444444444445,0.0035762838063040643,0.1919235287454619,-0.5399999999999998,1.8100000000000003
Acidic,2640,-0.11953409090909091,0.0030892682155323724,0.15872947490556447,-0.4900000000000001,1.4899999999999995
