property,n,spearman_r,p_value
hydropathy,30720,0.07077925815305826,2.0193754045722205e-35
volume_A3,30720,-0.019988077554917685,0.0004591140222861592
mw_Da,30720,-0.06649895168534375,1.8618913358343276e-31
charge,30720,0.07077925815305826,2.0193754045722205e-35
