resname,n,mean,sem,std,min,max
TRP,720,-0.028555555555555553,0.004661236363403566,0.12507409641317144,-0.41,1.92
CYS,300,-0.0307,0.0015472959835295251,0.026799952578203945,-0.08999999999999998,0.0
GLY,2220,-0.034977477477477474,0.003570978669627603,0.1682533590239328,-0.33999999999999997,3.3000000000000003
SER,2760,-0.042188405797101446,0.003849857011488477,0.20225494126122925,-0.37999999999999995,2.34
PRO,2160,-0.05073148148148149,0.001909772573905955,0.08875820848537724,-0.31,1.0600000000000003
LEU,1980,-0.06280808080808081,0.0019387249744999505,0.08626781533668666,-0.3499999999999999,0.8100000000000002
GLN,1500,-0.06455333333333334,0.0044692510951742205,0.17309335061629014,-0.52,1.45
THR,2460,-0.06531707317073171,0.0037176580810756006,0.18438984450114201,-0.4400000000000001,1.3799999999999994
VAL,1620,-0.067,0.002688236319275122,0.10819942469069403,-0.37,1.26
ALA,1800,-0.07043333333333335,0.004587299293104938,0.19462262624920545,-0.33999999999999997,1.77
ILE,1140,-0.07117543859649124,0.002758112506290186,0.09312459632655563,-0.2800000000000001,0.8800000000000001
PHE,1800,-0.07123333333333333,0.0030395892136697448,0.12895884870044175,-0.38,0.8299999999999998
HIS,780,-0.07566666666666667,0.00402437222356166,0.11239459951058235,-0.32,0.78
ASN,2640,-0.08715909090909091,0.0038874782453385925,0.19974224882350097,-0.4299999999999999,1.68
MET,660,-0.09398484848484849,0.002773305145373969,0.07124749920787468,-0.27,0.5
TYR,1440,-0.10054861111111113,0.003119290908641092,0.11836876747154461,-0.6199999999999998,0.87
ARG,1260,-0.10364285714285715,0.0047040440166564125,0.1669769982345103,-0.47,1.11
GLU,1140,-0.1077280701754386,0.004512971112460827,0.1523754423080463,-0.4900000000000001,1.4899999999999995
ASP,1500,-0.12850666666666669,0.004205339582263195,0.16287210167252208,-0.48000000000000015,1.1999999999999997
LYS,840,-0.14008333333333334,0.009180979710997763,0.26609007178238003,-0.5399999999999998,1.8100000000000003
