property,n,spearman_r,p_value
hydropathy,30870,0.0013906910508575026,0.8069731580044213
volume_A3,30870,-0.050979943923867885,3.171971518768232e-19
mw_Da,30870,-0.052910033424886156,1.373643235945458e-20
charge,30870,0.0013906910508575026,0.8069731580044213
