resname,n,mean,sem,std,min,max
SER,2760,-0.005286231884057971,0.0067730697065055585,0.3558279727167974,-0.58,4.57
ASN,2640,-0.017034090909090912,0.007516493866161843,0.38620444754783484,-0.6399999999999999,3.0200000000000005
GLN,1500,-0.024126666666666664,0.009381882907999569,0.36335876258750344,-0.64,3.11
GLY,2220,-0.0262972972972973,0.0063575666540652545,0.2995486794315059,-0.59,5.25
ALA,1800,-0.029105555555555558,0.00908560533508901,0.3854695886175668,-0.5700000000000001,4.409999999999999
TRP,720,-0.037027777777777784,0.007819859816513565,0.20982885749092037,-0.59,3.02
THR,2460,-0.03834959349593496,0.0065839998837205664,0.3265557747052221,-0.66,5.230000000000002
PRO,2160,-0.060101851851851865,0.003934183141323492,0.18284430944731037,-0.5,2.1999999999999997
CYS,300,-0.06430000000000001,0.00391799012247058,0.06786157955672054,-0.14999999999999997,0.71
HIS,780,-0.06603846153846153,0.009469387413788673,0.26446559782717877,-0.61,3.51
LEU,1980,-0.06689393939393941,0.004551130268066337,0.20251251245165308,-0.5299999999999999,1.89
VAL,1620,-0.07101851851851852,0.005777992222559822,0.23255970089595943,-0.62,1.71
PHE,1800,-0.07102777777777779,0.005582597970680997,0.23684957290240755,-0.6400000000000001,1.6800000000000002
ARG,1260,-0.0743015873015873,0.008985312213228203,0.3189469435771046,-0.66,3.57
ASP,1500,-0.08036,0.00784760920579198,0.3039365976157635,-0.6500000000000001,2.1900000000000004
TYR,1440,-0.08471527777777778,0.007538664501499267,0.2860722040871463,-0.6400000000000001,2.1000000000000005
ILE,1140,-0.08586842105263158,0.005625667713838798,0.18994440354546435,-0.44000000000000006,1.2199999999999998
GLU,1140,-0.09116666666666667,0.006993021684058982,0.23611158716174815,-0.6500000000000001,1.8000000000000003
MET,660,-0.11818181818181818,0.008183138819348158,0.2102286427160605,-0.48,1.74
LYS,990,-0.11883838383838384,0.009673234836164163,0.30436122859790166,-0.7899999999999998,2.25
