region_type,n_hbond_rows,hbonds_per_frame,n_region_residues,hbonds_per_frame_per_100res,length_mean,length_median,length_std,frac_under_3.0A
3F,178794,178.6153846153846,21049,0.848569455154091,3.1125682898559464,3.1028877685400325,0.19977442180183108,0.3200498898173317
5F,58406,58.34765234765235,8225,0.70939394951553,3.1136477711030586,3.105639278048096,0.2005448703129291,0.3187857411909735
neither,5911,5.905094905094905,1746,0.338207039237967,3.1266167160553464,3.12264896333635,0.20124314089913553,0.29335137878531553
