property,n,spearman_r,p_value
hydropathy,30720,0.09582566054538916,1.3855312785667774e-63
volume_A3,30720,-0.03805223635062626,2.5301816227071936e-11
mw_Da,30720,-0.09862628752688649,2.896942795409256e-67
charge,30720,0.09582566054538916,1.3855312785667774e-63
