region_type,n_hbond_rows,hbonds_per_frame,n_region_residues,hbonds_per_frame_per_100res,length_mean,length_median,length_std,frac_under_3A
3F,10530,10.519480519480519,4888,0.2152103215933003,3.120050581528578,3.114644769167856,0.19753571083045215,0.2985754985754986
5F,913,0.9120879120879121,996,0.09157509157509158,3.1258301237092803,3.1106185043284844,0.20714611714838943,0.29244249726177435
neither,9177,9.167832167832168,9626,0.09524030924404912,3.102164874137847,3.092877804845934,0.202854186440482,0.33769205622752535
