region_type,prot_resname,count,share_of_region,length_mean,n_suc_donor,n_prot_donor
3F,SER,3594,0.2422485845241305,3.109775118069084,1827,1767
3F,ASN,3188,0.21488271771366946,3.1239854398811318,961,2227
3F,GLN,2205,0.14862496629819358,3.130860926286052,909,1296
3F,THR,1020,0.06875168509032084,3.0972108085516075,483,537
3F,ALA,982,0.06619034780264223,3.124171626971108,446,536
3F,ASP,761,0.05129414936640604,3.121867763418905,463,298
3F,LYS,563,0.03794823402534376,3.121191327566526,193,370
3F,PRO,501,0.03376921002965759,3.1453351032020316,501,0
3F,GLY,418,0.028174710164464815,3.133068167186133,261,157
3F,PHE,378,0.0254785656511189,3.1127634820939747,41,337
3F,TYR,352,0.023726071717444053,3.1171857362649074,302,50
3F,ARG,349,0.02352386087894311,3.1551943427193954,149,200
3F,HISE,245,0.01651388514424373,3.1320288909614806,38,207
3F,LEU,156,0.010514963602049069,3.1347191524331683,156,0
3F,GLUH,40,0.0026961445133459154,3.1354567746188127,39,1
3F,TRP,40,0.0026961445133459154,3.215324026645805,19,21
3F,VAL,37,0.002493933674844972,3.1434157139463146,37,0
3F,GLU,5,0.0003370180641682394,3.2497755143326637,5,0
3F,ILE,2,0.00013480722566729578,3.2978262751062157,2,0
5F,ASN,1860,0.3528072837632777,3.127242255015393,786,1074
5F,SER,1126,0.21358118361153264,2.9862405869489983,291,835
5F,ALA,799,0.15155538694992413,3.101851477471619,143,656
5F,THR,542,0.10280728376327769,3.084465581100837,260,282
5F,PHE,257,0.048748103186646435,3.11179967519011,111,146
5F,GLUH,197,0.03736722306525038,3.100034799916862,193,4
5F,GLU,126,0.023899848254931716,3.1667403649427035,88,38
5F,ASP,109,0.0206752655538695,3.124180036848915,84,25
5F,GLY,92,0.017450682852807285,3.1382531907726476,53,39
5F,LYS,69,0.013088012139605462,3.015853722139312,0,69
5F,PRO,63,0.011949924127465858,3.1837616821688943,63,0
5F,GLN,15,0.0028452200303490135,3.0910265619029222,15,0
5F,LEU,15,0.0028452200303490135,3.2002138128722875,15,0
5F,VAL,2,0.00037936267071320183,2.9582405129930454,2,0
neither,GLN,373,0.728515625,3.094329877599057,330,43
neither,ALA,48,0.09375,3.206782244221108,23,25
neither,SER,41,0.080078125,3.007805967558504,30,11
neither,ASN,21,0.041015625,3.1585069251538846,6,15
neither,GLUH,17,0.033203125,3.191664886908122,17,0
neither,ASP,12,0.0234375,3.178443931992606,12,0
