region_type,n_residues,n_regions,mean_gamma23,sem_gamma23
3F,12551,20,-0.11535409553180125,0.001772736964737166
5F,2282,12,-0.1506502020145252,0.004948083048184926
