region_type,na_per_frame,cl_per_frame,net_ion_charge_per_frame,n_region_residues,net_ion_charge_per_100res
3F,22.085828343313374,313.25349301397205,-291.16766467065867,21050,-1.3832193095993286
5F,9.453093812375249,34.30738522954092,-24.85429141716567,8218,-0.3024372282448974
neither,2.0798403193612773,9.508982035928144,-7.429141716566866,1752,-0.4240377692104375
