region_type,na_per_frame,cl_per_frame,net_ion_charge_per_frame,n_region_residues,net_ion_charge_per_100res
3F,134.5568862275449,280.6646706586826,-146.1077844311377,4799,-3.0445464561604023
5F,36.902195608782435,20.872255489021956,16.02994011976048,1064,1.5065733195263609
neither,143.8443113772455,455.8942115768463,-312.0499001996008,25157,-1.2404098270843138
