property,n,spearman_r,p_value
hydropathy,30720,-0.006501802182398257,0.25447613414976
volume_A3,30720,-0.05447934297197702,1.2314485694108588e-21
mw_Da,30720,-0.04711620815299549,1.428110448199364e-16
charge,30720,-0.006501802182398257,0.25447613414976
