resname,n,mean,sem,std,min,max
SER,2760,-2.413141304347826,0.056061410992699824,2.945225589811252,-11.480000000000002,16.150000000000002
GLY,2220,-2.421954954954955,0.0525879066597172,2.4777778749535857,-13.049999999999999,17.11
ASN,2640,-2.551534090909091,0.059514866095013115,3.0579291875142207,-12.49,12.909999999999998
GLU,1140,-2.5756315789473683,0.07443178283253435,2.5131062327362317,-10.889999999999997,9.629999999999999
LYS,840,-2.5870714285714285,0.11360235060429773,3.2925089237191596,-11.639999999999997,12.080000000000002
THR,2460,-2.6399430894308944,0.057097563748476333,2.831947067582275,-11.979999999999999,16.75
ASP,1500,-2.6630266666666667,0.07833954212195116,3.034077419878313,-13.430000000000001,11.69
ALA,1800,-2.7291166666666666,0.06967404122127374,2.9560192212140226,-10.81,16.449999999999996
CYS,300,-2.7488,0.09602654129573678,1.6632284839932705,-7.379999999999999,2.25
LEU,1980,-2.748868686868687,0.05415343037642057,2.4096755305719033,-12.020000000000001,10.490000000000002
PHE,1800,-2.75485,0.058632402465116924,2.4875621628205815,-12.580000000000002,13.279999999999998
PRO,2160,-2.788291666666667,0.04477916389541614,2.0811474722884697,-10.650000000000002,13.409999999999998
GLN,1500,-2.7932466666666667,0.07495264441881921,2.9029034358829313,-12.4,12.95
VAL,1620,-2.8178024691358026,0.06371059400615776,2.5643019435238696,-12.9,10.73
HIS,780,-2.9043333333333337,0.07581499687343453,2.117397630516463,-10.29,13.35
ILE,1140,-2.911017543859649,0.07089254207565424,2.3936077111801723,-10.080000000000002,12.740000000000002
TRP,720,-2.922013888888889,0.06984446620067357,1.8741236913227108,-12.21,9.82
ARG,1260,-3.000793650793651,0.07640174788684592,2.711993016401058,-12.92,12.270000000000001
TYR,1440,-3.2350416666666666,0.06831232267619544,2.59227038295776,-11.080000000000004,14.389999999999997
MET,660,-3.2498939393939392,0.10386890519119615,2.668440489744465,-11.03,11.56
