residue_class,n,mean,sem,std,min,max
Special,4380,-0.21928310502283105,0.010474036510127443,0.6931881640448098,-2.15,4.200000000000001
Aromatic,3960,-0.2335328282828283,0.011573541447107656,0.7283059604634294,-2.04,3.9800000000000004
Acidic,2640,-0.2410378787878788,0.015143431415013025,0.7780835942596251,-2.0799999999999996,4.11
Aliphatic,6540,-0.24312079510703363,0.009684111358615136,0.7831566661604968,-2.2199999999999998,4.01
Sulfur,960,-0.25013541666666667,0.023750164242060424,0.7358719246335274,-1.7,3.16
Polar_uncharged,9360,-0.2562286324786325,0.009019642660267765,0.8726242070955352,-2.42,4.299999999999999
Basic,3180,-0.2709213836477987,0.013973896502394922,0.7880088269820784,-2.450000000000001,3.3299999999999996
