residue_class,n,mean,sem,std,min,max
Polar_uncharged,9360,-0.09819444444444445,0.005393558969797988,0.5218111511419077,-1.34,4.53
Special,4380,-0.12281506849315067,0.005320942666787123,0.3521483312199168,-1.2099999999999997,5.3500000000000005
Aliphatic,6540,-0.16057492354740063,0.004639116990758881,0.3751666272588997,-1.31,3.79
Aromatic,3960,-0.19685606060606062,0.005374326742066268,0.33819848640219397,-1.4400000000000002,4.89
Basic,2880,-0.22440972222222222,0.008637345616893746,0.4635286066688225,-1.5799999999999996,3.549999999999999
Sulfur,960,-0.22628125,0.007733744884548584,0.23962132113338777,-1.02,1.26
Acidic,2640,-0.243530303030303,0.007904207932089912,0.4061255569512987,-1.34,2.6700000000000004
