resname,n,mean,sem,std,min,max
SER,2760,-0.08298550724637682,0.0114405835621829,0.6010390904021795,-1.5299999999999998,5.299999999999999
GLN,1500,-0.10548666666666666,0.017525448883408644,0.6787577166025105,-1.79,5.2
ASN,2640,-0.10644318181818181,0.013101494953163232,0.6731669992063565,-1.59,6.38
GLY,2220,-0.1229864864864865,0.009688309359468482,0.45648287032853424,-1.4499999999999997,4.95
TRP,720,-0.13729166666666667,0.010674409237767505,0.2864244561035983,-1.28,3.51
ALA,1800,-0.15110555555555555,0.014214092432336952,0.6030528688390708,-1.2799999999999998,5.01
THR,2460,-0.16091056910569107,0.010424450087979474,0.5170359104612243,-1.5399999999999996,4.28
CYS,300,-0.16316666666666665,0.006909908922911233,0.11968313330155793,-0.35000000000000003,0.49000000000000005
PRO,2160,-0.1720462962962963,0.006380568463932875,0.29654202480177916,-1.1899999999999997,2.25
LEU,1980,-0.19243939393939397,0.007611931177289499,0.33870955488534416,-1.3099999999999998,2.79
HIS,780,-0.20856410256410257,0.014109303068939823,0.39405138980992294,-1.29,2.38
VAL,1620,-0.2142037037037037,0.009651190022229705,0.3884529051625199,-1.58,2.49
PHE,1800,-0.22032222222222222,0.01029690503013655,0.43686068232260555,-1.48,4.129999999999999
ILE,1140,-0.22504385964912282,0.01037824529741144,0.35040989143672396,-1.05,1.78
TYR,1440,-0.2616458333333333,0.011494934632536927,0.4362020999228081,-1.62,2.61
ASP,1500,-0.26694666666666667,0.013867934158900306,0.5371027804372185,-1.6900000000000002,3.479999999999999
GLU,1140,-0.267078947368421,0.012674789463831297,0.42795014693979455,-1.5500000000000003,1.93
ARG,1260,-0.26826984126984127,0.014469854740202445,0.513628890557399,-1.72,4.37
LYS,990,-0.3121010101010101,0.022060574429105854,0.6941197697088723,-1.9900000000000004,4.209999999999998
MET,660,-0.3158939393939394,0.013049383634587824,0.3352447355890142,-1.23,1.73
