resname,n,mean,sem,std,min,max
TRP,720,-0.013722222222222222,0.0028553388968147095,0.07661678246492339,-0.20000000000000004,0.85
CYS,300,-0.0143,0.0008024002454175557,0.01389797993068943,-0.039999999999999994,0.0
SER,2760,-0.016713768115942027,0.002604147884109458,0.13681073758437415,-0.18999999999999997,1.3000000000000003
GLY,2220,-0.017689189189189186,0.002050671963117152,0.09662125651583484,-0.16,1.0999999999999999
GLN,1500,-0.020893333333333333,0.003819172804836325,0.14791592669419357,-0.25,1.51
PRO,2160,-0.02440740740740741,0.0010770579559157413,0.05005713031394242,-0.14000000000000007,0.8599999999999998
ALA,1800,-0.02561666666666667,0.003694376885640925,0.15673913688573218,-0.15999999999999998,1.75
LEU,1980,-0.02832323232323233,0.0012438294193369464,0.05534691514735043,-0.16000000000000003,0.84
VAL,1620,-0.032197530864197535,0.0018666713226519096,0.07513207144378403,-0.18,0.96
THR,2460,-0.034052845528455285,0.0022609180186002045,0.11213788702131161,-0.20000000000000004,1.0600000000000003
HIS,780,-0.03420512820512821,0.002522342537206132,0.07044519332431123,-0.16,0.71
ILE,1140,-0.03496491228070176,0.0015995284576960048,0.05400629655101774,-0.12999999999999998,0.9499999999999998
PHE,1800,-0.035361111111111114,0.0018037017226246637,0.07652458315834541,-0.18000000000000002,0.9800000000000001
ASN,2640,-0.036102272727272726,0.002804021873358164,0.14407325247579966,-0.20000000000000004,1.2300000000000002
TYR,1440,-0.04140972222222224,0.0024585827056442596,0.09329665398882207,-0.2699999999999999,0.93
ARG,1260,-0.042746031746031754,0.003682555577910674,0.13071775562770838,-0.22,1.3999999999999997
MET,660,-0.044954545454545455,0.0013828284933193927,0.03552550722618536,-0.12,0.36
GLU,1140,-0.052201754385964916,0.0025736496163270618,0.08689641233265787,-0.25,0.93
ASP,1500,-0.0669,0.0024683799770129364,0.09559994543082949,-0.22000000000000006,0.93
LYS,990,-0.07223232323232323,0.004314656445432745,0.13575749570352716,-0.25999999999999995,0.8900000000000001
