residue_class,n,mean,sem,std,min,max
Acidic,2400,-0.20438333333333336,0.0085623270420471,0.419466645276988,-1.1699999999999997,2.829999999999999
Special,4500,-0.21668222222222222,0.003613150961963299,0.24237753491756078,-0.9800000000000002,1.7899999999999996
Aliphatic,6240,-0.24252564102564106,0.0032430101982059123,0.2561772794550007,-0.99,1.3700000000000003
Polar_uncharged,10260,-0.2665399610136452,0.0035265032329505185,0.3572053597493007,-1.24,2.75
Basic,2940,-0.30226870748299317,0.006282531239236222,0.34064994406225624,-1.3999999999999997,1.7700000000000005
Sulfur,780,-0.3047948717948718,0.007616627427068456,0.21272082743107626,-0.89,0.62
Aromatic,3960,-0.31630050505050505,0.004438455230093014,0.2793054670517184,-1.2800000000000002,0.7300000000000001
