property,n,spearman_r,p_value
hydropathy,31080,0.06695524402463392,3.201055507472688e-32
volume_A3,31080,-0.078526322296992,1.0370222646663952e-43
mw_Da,31080,-0.09682049336349732,1.282439133051334e-65
charge,31080,0.06695524402463392,3.201055507472688e-32
