resname,n,mean,sem,std,min,max
GLU,1140,-0.18064912280701753,0.015483542612686798,0.5227845681505263,-1.1699999999999997,2.829999999999999
CYS,300,-0.1861,0.006799187603120706,0.1177653837879752,-0.42,0.11000000000000001
GLY,2460,-0.19384552845528455,0.0056647674100173614,0.28096332666667234,-0.9800000000000002,1.7899999999999996
VAL,1320,-0.20328787878787877,0.006867213429415548,0.2494982540547964,-0.85,0.8
ILE,1320,-0.21170454545454545,0.007855323335226146,0.28539806972937276,-0.82,1.3500000000000003
TRP,720,-0.21406944444444445,0.007900044957973577,0.21198045061600065,-1.19,0.61
THR,3000,-0.22570333333333334,0.007311732582840596,0.4004800870067305,-1.18,2.14
ASP,1260,-0.22585714285714284,0.008311779466737192,0.2950389027884785,-1.1400000000000001,0.9499999999999997
SER,2400,-0.2361291666666667,0.004945751632652237,0.24229135789069622,-0.93,0.7599999999999999
LYS,960,-0.24139583333333334,0.013353358549411986,0.4137386822224724,-1.2699999999999998,1.7700000000000005
PRO,2040,-0.24422058823529413,0.004024112595303003,0.18175451478997595,-0.91,0.5199999999999998
ALA,1500,-0.26598,0.006860426211952933,0.26570316466778543,-0.99,1.3700000000000003
HIS,720,-0.26644444444444443,0.009143921477570796,0.24535716005722344,-1.02,0.76
LEU,2100,-0.26980952380952383,0.004959101860320749,0.22725459653916152,-0.93,0.6999999999999998
PHE,1620,-0.2738456790123457,0.007252509870355611,0.29190789139686,-1.2100000000000002,0.6500000000000001
ASN,2820,-0.2897234042553191,0.007554296145837966,0.4011608661502802,-1.24,2.75
GLN,2040,-0.33032352941176474,0.007214126860685517,0.3258358448338843,-1.17,1.57
ARG,1260,-0.3691190476190476,0.00882307012325784,0.3131879206864557,-1.3999999999999997,0.54
MET,480,-0.37897916666666664,0.010266753495978808,0.22493329928370473,-0.89,0.62
TYR,1620,-0.40419135802469136,0.00663963592971876,0.26724019112462094,-1.2800000000000002,0.7300000000000001
