region_type,n_residues,n_regions,mean_gamma23,sem_gamma23
3F,12422,20,-0.1298650906434723,0.0021293989861097015
5F,2338,12,-0.1867759092687915,0.00578072512749563
