residue_class,n,mean,sem,std,min,max
Special,4380,-0.04155707762557078,0.001957050622541302,0.12952067969883854,-0.33,2.07
Polar_uncharged,9360,-0.058751068376068374,0.002118707774320645,0.20497881803876394,-0.49,2.47
Aliphatic,6540,-0.0639250764525994,0.0016939667848468757,0.136991545293115,-0.37,2.25
Sulfur,960,-0.07475000000000001,0.002148302229168059,0.0665627100495053,-0.29,0.48
Aromatic,3960,-0.07486868686868688,0.0019850562754745067,0.1249166751500009,-0.5299999999999999,1.28
Basic,2880,-0.10701041666666666,0.00357363263086247,0.19178125174127753,-0.5199999999999999,1.76
Acidic,2640,-0.12422348484848485,0.002939828941976398,0.15105114600471148,-0.5,1.5599999999999998
