region_type,n_residues,n_regions,mean_gamma23,sem_gamma23
3F,12559,20,-3.840100932465473,0.03401807661210628
5F,2276,12,-3.9213351234064726,0.06848818717238078
