region_type,na_per_frame,cl_per_frame,net_ion_charge_per_frame,n_region_residues,net_ion_charge_per_100res
3F,196.88622754491018,23.65069860279441,173.23552894211576,20858,0.8305471710716069
5F,126.22954091816368,4.06187624750499,122.1676646706587,8103,1.5076843720925421
neither,24.49500998003992,0.6367265469061876,23.85828343313373,1759,1.3563549421906613
