residue_class,n,mean,sem,std,min,max
Polar_uncharged,9360,-0.006867521367521371,0.0012434264811116208,0.12029789738138118,-0.17,1.5199999999999998
Special,4380,-0.010990867579908676,0.0012821520205405356,0.08485483168647298,-0.14,1.4800000000000002
Aliphatic,6540,-0.013481651376146792,0.0012485757513251514,0.10097265372591466,-0.15,1.41
Basic,2880,-0.017180555555555557,0.002036701871511849,0.10930089203043687,-0.18000000000000005,1.29
Acidic,2640,-0.018465909090909095,0.00215819304551694,0.11088996647729087,-0.17,1.0800000000000003
Aromatic,3960,-0.018747474747474752,0.0013907344642928082,0.08751687669632838,-0.16000000000000003,1.0500000000000003
Sulfur,960,-0.022020833333333333,0.0023785862335850175,0.07369779896154398,-0.11,0.9699999999999999
