property,n,spearman_r,p_value
hydropathy,30720,0.01102810107166614,0.05324989406474582
volume_A3,30720,-0.04570513147627012,1.1044547078925163e-15
mw_Da,30720,-0.055268886462484366,3.1956509656376386e-22
charge,30720,0.01102810107166614,0.05324989406474582
