region_type,n_residues,n_regions,mean_gamma23,sem_gamma23
3F,12497,20,-0.48183878703088695,0.0024858202516093997
5F,2391,12,-0.6685227529677945,0.005060590001106492
