property,n,spearman_r,p_value
hydropathy,31020,-0.00321118997513836,0.5717001615042984
volume_A3,31020,-0.029548754211486658,1.9378798686111123e-07
mw_Da,31020,-0.025671558776283257,6.1268156737463325e-06
charge,31020,-0.00321118997513836,0.5717001615042984
