residue_class,n,mean,sem,std,min,max
Polar_uncharged,9360,0.002269230769230767,0.0014788403942655325,0.14307350912597006,-0.17,1.3900000000000001
Aliphatic,6540,-0.004096330275229361,0.001532519914950637,0.1239352939027895,-0.14000000000000004,1.41
Acidic,2640,-0.004371212121212126,0.002622752993740833,0.134759488803965,-0.15999999999999998,1.2699999999999998
Special,4380,-0.004815068493150686,0.0015003945463349679,0.0992984643419127,-0.14,1.0
Basic,3180,-0.004911949685534594,0.002594133310717685,0.1462870393281811,-0.18999999999999997,1.46
Aromatic,3960,-0.00805555555555556,0.0018362107603869789,0.11555004555594633,-0.16000000000000003,1.28
Sulfur,960,-0.01165625,0.0031694255406685932,0.0982010586884312,-0.1,0.96
