region_type,n_hbond_rows,hbonds_per_frame,n_region_residues,hbonds_per_frame_per_100res,length_mean,length_median,length_std,frac_under_3.0A
3F,168752,168.58341658341658,21080,0.7997315777201925,3.113172335491559,3.1046838226302396,0.2003707962376105,0.32025694510287284
5F,64131,64.06693306693306,8184,0.7828315379635027,3.10871317169816,3.0986869294006065,0.19955473918092143,0.3252405233038624
neither,7136,7.128871128871129,1756,0.40597215995849256,3.1097108821953117,3.102455554184915,0.2022165038585101,0.32539237668161436
