residue_class,n,mean,sem,std,min,max
Basic,3420,0.04596491228070175,0.0033372810040493083,0.19516674970383707,-0.25,1.5
Acidic,2700,0.03554074074074074,0.0031936203636626142,0.16594538189850727,-0.2800000000000001,1.2899999999999996
Polar_uncharged,9960,0.0038755020080321273,0.0013658471077697628,0.13631126763829227,-0.25,0.9700000000000003
Aliphatic,6180,-0.0025388349514563133,0.001423048595961661,0.11187008516120406,-0.18,0.89
Aromatic,3900,-0.007448717948717953,0.0018152970866065613,0.11336526672356419,-0.18000000000000002,1.2800000000000002
Special,4200,-0.009433333333333335,0.0012843197714707117,0.08323343412740122,-0.23,0.92
Sulfur,780,-0.013307692307692309,0.0029022073100897763,0.08105423906974919,-0.14,1.04
