property,n,spearman_r,p_value
hydropathy,31140,-0.060193456974256154,2.1318965707373816e-26
volume_A3,31140,-0.014788095261736254,0.009064191949981211
mw_Da,31140,0.017747959601020144,0.001736081366659064
charge,31140,-0.060193456974256154,2.1318965707373816e-26
