resname,n,mean,sem,std,min,max
ARG,1500,0.06581333333333333,0.005715986022751418,0.22137918673270612,-0.22,1.23
GLU,1140,0.055368421052631574,0.0052808720274640855,0.17830276128629086,-0.25,1.2899999999999996
LYS,1080,0.05176851851851851,0.006163798822832729,0.20256309931135646,-0.25,1.5
ASN,2460,0.022638211382113818,0.0032648932804328493,0.16193344066694287,-0.25,0.9700000000000003
ASP,1560,0.02105128205128205,0.003918236178563738,0.15475792907495559,-0.2800000000000001,1.0199999999999998
GLN,1920,0.011260416666666665,0.0035469746287165095,0.15542064120372348,-0.25,0.96
ALA,1380,0.009007246376811592,0.003692891808582962,0.13718484200399406,-0.16999999999999998,0.72
HIS,840,0.0030595238095238097,0.0038264386374675407,0.11090072778343583,-0.2,1.16
PHE,1620,0.001876543209876539,0.003254817008657071,0.13100385754223517,-0.18000000000000002,1.2800000000000002
VAL,1740,0.0002931034482758618,0.002354428445713076,0.09821099710526428,-0.18,0.81
THR,2700,-0.003137037037037038,0.002527602869873779,0.1313380977593487,-0.24000000000000007,0.9299999999999999
CYS,300,-0.004433333333333333,0.0033823656842071306,0.05858429214824219,-0.05,0.29
GLY,2220,-0.004472972972972972,0.0020151553491073817,0.09494782461910399,-0.23,0.8200000000000001
ILE,1140,-0.008052631578947372,0.003237403666182078,0.10930732842541914,-0.16000000000000003,0.89
LEU,1920,-0.010130208333333338,0.0023675085862395443,0.10373902862164507,-0.15,0.89
SER,2880,-0.0105,0.0017692563502448653,0.0949482592504967,-0.18999999999999997,0.9499999999999997
TYR,1560,-0.012230769230769234,0.0029196261895164713,0.11531599479238053,-0.18000000000000002,0.9800000000000001
PRO,1980,-0.014994949494949497,0.0015129641019188953,0.06732265250208576,-0.18999999999999997,0.92
TRP,720,-0.018069444444444444,0.0016055173857393542,0.04308055216285137,-0.17,0.64
MET,480,-0.01885416666666667,0.004198695509210589,0.09198880969961118,-0.14,1.04
