property,n,spearman_r,p_value
hydropathy,31020,0.0990485196104444,1.7927152165181728e-68
volume_A3,31020,-0.04091896185082864,5.612501839761648e-13
mw_Da,31020,-0.09423860805136473,3.944459216936391e-62
charge,31020,0.0990485196104444,1.7927152165181728e-68
