region_type,na_per_frame,cl_per_frame,net_ion_charge_per_frame,n_region_residues,net_ion_charge_per_100res
3F,135.97005988023952,290.90419161676647,-154.93413173652695,4888,-3.1696835461646264
5F,38.51497005988024,23.493013972055888,15.021956087824353,1079,1.392210944191321
neither,128.9441117764471,444.65269461077844,-315.7085828343313,25053,-1.2601627862305165
