region_type,n_residues,n_regions,mean_gamma23,sem_gamma23
3F,4950,20,-0.015445807817580376,0.012293711295498895
5F,996,12,0.05493308055762389,0.023510472867601318
