region_type,n_residues,n_regions,mean_gamma23,sem_gamma23
3F,12390,20,-1.7615658418937898,0.01920957896064984
5F,2345,12,-2.008412133767441,0.04561401531165526
