property,n,spearman_r,p_value
hydropathy,31020,0.08545199786852409,2.287482083451202e-51
volume_A3,31020,-0.027827035306203722,9.496877912734967e-07
mw_Da,31020,-0.07270785321893972,1.2327745864366158e-37
charge,31020,0.08545199786852409,2.287482083451202e-51
