resname,n,mean,sem,std,min,max
CYS,300,-0.03166666666666667,0.001622606003176955,0.028104360381687534,-0.08999999999999998,0.0
TRP,720,-0.036333333333333336,0.004083788636117012,0.10957954795318552,-0.43,1.3999999999999997
GLY,2220,-0.03671171171171171,0.0030165182546382477,0.14212891642750267,-0.33,2.0399999999999996
SER,2760,-0.04458333333333333,0.003779959021893212,0.19858280129923037,-0.37999999999999995,2.0099999999999993
PRO,2160,-0.0517962962962963,0.001864754895419015,0.08666597585659917,-0.31,0.8599999999999998
LEU,1980,-0.057035353535353536,0.0022333384369638823,0.09937728682430481,-0.3499999999999999,0.8000000000000002
GLN,1500,-0.06404,0.004354724792530421,0.16865776598786872,-0.49,1.64
VAL,1620,-0.06767901234567901,0.002624090567275411,0.10561760797578848,-0.37,0.9
HIS,780,-0.07017948717948719,0.004194463065810149,0.11714497821139185,-0.33,0.77
ILE,1140,-0.07186842105263158,0.002826253477470049,0.09542530031160061,-0.2800000000000001,0.84
PHE,1800,-0.07353888888888889,0.00278561808423692,0.11818376622958834,-0.38,0.7799999999999999
THR,2460,-0.07361788617886178,0.0033679617382644574,0.16704546993323954,-0.38999999999999996,1.8599999999999999
ALA,1800,-0.07423888888888888,0.00399764295316101,0.16960562645656596,-0.33999999999999997,1.17
ASN,2640,-0.08690530303030303,0.003908241858944816,0.20080910260728288,-0.4299999999999999,1.9800000000000002
MET,660,-0.09263636363636364,0.002704891998063175,0.06948993363058342,-0.26,0.76
TYR,1440,-0.10028472222222223,0.0028824671273002325,0.109381936833975,-0.5399999999999998,0.8400000000000001
GLU,1140,-0.11074561403508772,0.004080753244053584,0.13778208745803422,-0.5199999999999998,0.7799999999999998
ARG,1260,-0.11585714285714285,0.004471838121652175,0.15873450662880356,-0.51,1.3
ASP,1500,-0.12148,0.004336999923270141,0.16797128475328102,-0.46,1.0199999999999998
LYS,1140,-0.1407280701754386,0.007087500047125658,0.23930154384484667,-0.67,1.3299999999999996
