region_type,na_per_frame,cl_per_frame,net_ion_charge_per_frame,n_region_residues,net_ion_charge_per_100res
3F,62.83632734530938,198.35928143712576,-135.5229540918164,4893,-2.7697313323485875
5F,22.157684630738522,13.32934131736527,8.828343313373253,1063,0.8305120708723661
neither,69.06586826347305,346.7145708582834,-277.6487025948104,25064,-1.1077589474737088
