property,n,spearman_r,p_value
hydropathy,30870,-0.008938672349540443,0.11630347358411304
volume_A3,30870,-0.01358651322858132,0.016979795752873846
mw_Da,30870,-0.009510320681697609,0.09473744032409974
charge,30870,-0.008938672349540443,0.11630347358411304
