residue_class,n,mean,sem,std,min,max
Polar_uncharged,9360,-2.730065170940171,0.02856870405463294,2.7639390674797513,-11.74,12.9
Special,4380,-2.755043378995434,0.03295955508471408,2.1813150502975223,-10.33,12.739999999999998
Acidic,2640,-2.780549242424242,0.04905608429423567,2.5205472486322353,-11.360000000000003,9.11
Aliphatic,6540,-2.9379495412844037,0.029796835642288456,2.409678038552003,-10.95,11.72
Aromatic,3960,-2.9943863636363637,0.035318196004209136,2.2225221882373343,-10.599999999999998,9.069999999999999
Basic,3180,-3.081506289308176,0.04488892478606306,2.5313532957031635,-12.110000000000003,8.46
Sulfur,960,-3.4186666666666667,0.07156592747151443,2.217389162024506,-9.92,5.8
