property,n,spearman_r,p_value
hydropathy,31020,-0.004387647731336091,0.4396722197052785
volume_A3,31020,-0.03930701749679985,4.349175603756124e-12
mw_Da,31020,-0.034819998393225485,8.55438216786467e-10
charge,31020,-0.004387647731336091,0.4396722197052785
