region_type,n_residues,n_regions,mean_gamma23,sem_gamma23
3F,12586,20,-0.18940726637723232,0.006653214242467797
5F,2263,12,-0.1766669336278814,0.01348295823211381
