region_type,na_per_frame,cl_per_frame,net_ion_charge_per_frame,n_region_residues,net_ion_charge_per_100res
3F,21.293413173652695,317.64071856287427,-296.34730538922156,21080,-1.4058221318274267
5F,10.255489021956087,31.331337325349303,-21.075848303393215,8184,-0.2575250281450784
neither,1.345309381237525,10.552894211576847,-9.207584830339322,1756,-0.524349933390622
