residue_class,n,mean,sem,std,min,max
Special,4380,-0.003623287671232876,0.00043014624693337534,0.02846775327680081,-0.03000000000000001,0.7400000000000001
Polar_uncharged,9360,-0.004425213675213676,0.0006165359890688884,0.05964806465970666,-0.05,0.9700000000000003
Aliphatic,6540,-0.005622324159021407,0.0004544531276684214,0.036751745535679975,-0.030000000000000006,0.9600000000000002
Aromatic,3960,-0.006053030303030305,0.0005053799609091304,0.03180281848136288,-0.05000000000000001,0.9200000000000003
Sulfur,960,-0.0069791666666666665,0.0005148553349824707,0.0159522091047452,-0.02,0.45
Basic,3180,-0.009946540880503146,0.0008180223224311036,0.04612949656766192,-0.06000000000000001,0.9400000000000002
Acidic,2640,-0.011518939393939394,0.000566773140742933,0.029121331248733916,-0.05000000000000002,0.75
