property,n,spearman_r,p_value
hydropathy,31020,0.1009743604790922,4.21112466943985e-71
volume_A3,31020,-0.05336536335747979,5.188428941684475e-21
mw_Da,31020,-0.10600625056737151,3.2538016277499303e-78
charge,31020,0.1009743604790922,4.21112466943985e-71
