resname,n,mean,sem,std,min,max
SER,2760,-0.0019275362318840574,0.001203757378233589,0.0632402390792364,-0.030000000000000006,0.91
CYS,300,-0.002666666666666666,0.0002557404853322572,0.004429555141477927,-0.009999999999999998,0.0
TRP,720,-0.0026666666666666666,0.0006994710675774907,0.01876877826477142,-0.04,0.42
GLN,1500,-0.003313333333333333,0.0015850133030061284,0.06138730126059945,-0.05,0.92
GLY,2220,-0.003337837837837838,0.0007098111709978818,0.03344408489719689,-0.03,0.6799999999999999
PRO,2160,-0.003916666666666666,0.0004782116001848116,0.0222252667617477,-0.03000000000000001,0.7400000000000001
LEU,1980,-0.004146464646464648,0.000892559414889213,0.03971638669406623,-0.030000000000000002,0.9499999999999998
PHE,1800,-0.0053166666666666675,0.0009244213570036223,0.039219876612655906,-0.04000000000000001,0.9200000000000003
ASN,2640,-0.005481060606060607,0.0012808027454047405,0.06580883660846684,-0.039999999999999994,0.9399999999999997
ALA,1800,-0.005938888888888888,0.0012492247336788268,0.053000116824615445,-0.030000000000000006,0.9600000000000002
VAL,1620,-0.006333333333333333,0.0003043967958336317,0.012251734697108255,-0.03,0.34
HIS,780,-0.006525641025641025,0.0007873590749201837,0.021989742245650597,-0.03,0.44
ILE,1140,-0.006675438596491229,0.0005602082136782974,0.01891480628097462,-0.020000000000000004,0.57
THR,2460,-0.006772357723577236,0.0009227612891487544,0.04576747159291869,-0.039999999999999994,0.9700000000000003
ARG,1260,-0.007912698412698413,0.0015284638762702882,0.05425508542560435,-0.04,0.94
TYR,1440,-0.008666666666666668,0.0006822931171926857,0.02589120338622091,-0.05000000000000001,0.81
MET,660,-0.00893939393939394,0.0007272832650483483,0.01868424538023398,-0.02,0.45
GLU,1140,-0.010912280701754387,0.00046474463537051765,0.01569158490275823,-0.05000000000000002,0.2400000000000001
ASP,1500,-0.01198,0.0009328867542429464,0.03613054863080423,-0.039999999999999994,0.75
LYS,1140,-0.01453508771929825,0.0014268817598278596,0.04817707312035023,-0.06000000000000001,0.9400000000000002
