region_type,n_hbond_rows,hbonds_per_frame,n_region_residues,hbonds_per_frame_per_100res,length_mean,length_median,length_std,frac_under_3.0A
3F,20809,20.78821178821179,21024,0.0988784807277958,3.1082769163704573,3.0993108936562725,0.19859583593922467,0.3275505790763612
5F,6790,6.783216783216783,8218,0.08254096840127505,3.10515928115125,3.0932291261251788,0.19812379075288378,0.3349042709867452
neither,1479,1.4775224775224776,1778,0.08310025182916073,3.087049733402069,3.079470715812638,0.20918634961960375,0.37254901960784315
