residue_class,n,mean,sem,std,min,max
Polar_uncharged,9360,-0.0008600427350427366,0.0013995013242289747,0.13539768474022956,-0.16,1.6200000000000006
Special,4380,-0.00464840182648402,0.0015210088076619557,0.10066274848858127,-0.13,1.2200000000000002
Aliphatic,6540,-0.006490825688073396,0.001392304417081456,0.11259602922595648,-0.14,1.3599999999999999
Aromatic,3960,-0.008398989898989904,0.001799597683537395,0.1132460384184317,-0.16000000000000003,1.3099999999999998
Sulfur,960,-0.01128125,0.003202573679102065,0.09922811619331612,-0.09,1.15
Basic,3180,-0.013927672955974845,0.002127972417250534,0.11999953256276241,-0.18999999999999997,1.15
Acidic,2640,-0.01438636363636364,0.0022672970857391607,0.1164958335649967,-0.14999999999999997,1.35
