property,n,spearman_r,p_value
hydropathy,31020,0.025663552857474035,6.167788102284421e-06
volume_A3,31020,-0.04174164016408582,1.9142297927275794e-13
mw_Da,31020,-0.053237626372283194,6.4273730026974115e-21
charge,31020,0.025663552857474035,6.167788102284421e-06
