resname,n,mean,sem,std,min,max
SER,2760,0.004561594202898551,0.002767195856795974,0.14537657731298362,-0.14999999999999997,1.49
ALA,1800,0.002983333333333332,0.0035343012219588776,0.14994770164818141,-0.12999999999999998,1.3599999999999999
GLN,1500,0.0016866666666666662,0.003416960713467739,0.13233831937905566,-0.16,1.13
ASN,2640,0.0009242424242424211,0.0028181948597386626,0.1448014737013667,-0.14000000000000007,1.59
GLY,2220,-0.00011711711711711697,0.002422652983755656,0.11414784012382541,-0.13,1.17
LEU,1980,-0.005429292929292932,0.0022469884865171127,0.09998467568537751,-0.10000000000000002,1.34
TYR,1440,-0.005708333333333339,0.0037142679983504677,0.1409465605807441,-0.16000000000000003,1.3099999999999998
HIS,780,-0.007115384615384616,0.003816719021495228,0.10659516119155654,-0.13,1.05
PRO,2160,-0.009305555555555558,0.001815268034458929,0.08436603439634524,-0.10000000000000002,1.2200000000000002
PHE,1800,-0.009400000000000006,0.002483678548366581,0.1053735566302542,-0.12000000000000002,1.1400000000000001
THR,2460,-0.01041056910569106,0.0022767071714846297,0.1129210035375894,-0.14000000000000007,1.6200000000000006
CYS,300,-0.010466666666666666,0.0015814372852031927,0.02739129726955723,-0.030000000000000006,0.31999999999999995
TRP,720,-0.011277777777777779,0.0020578409945587765,0.055217668208630395,-0.12,0.81
MET,660,-0.011651515151515152,0.004603639604202525,0.11826964284867064,-0.09,1.15
ILE,1140,-0.011982456140350883,0.002957856940206758,0.09986874462889471,-0.09000000000000001,1.1000000000000003
ASP,1500,-0.013673333333333336,0.0031973596465693457,0.12383320662998708,-0.14999999999999997,1.3100000000000003
VAL,1620,-0.014450617283950617,0.002048528131982468,0.08245166682480227,-0.14,1.0
LYS,1140,-0.014868421052631581,0.004205080409281555,0.14197985569550642,-0.18999999999999997,1.09
GLU,1140,-0.015324561403508777,0.003142927594411938,0.10611744910539574,-0.14000000000000007,1.35
ARG,1260,-0.017293650793650795,0.0029616175529520116,0.10512699438175412,-0.14,1.15
