region_type,n_residues,n_regions,mean_gamma23,sem_gamma23
3F,4845,20,0.003008819032983246,0.002414244825377212
5F,1018,12,0.011494669091320669,0.006668444574066719
