region_type,n_residues,n_regions,mean_gamma23,sem_gamma23
3F,12559,20,-0.12288886996176145,0.002258867871701576
5F,2276,12,-0.1647601634928683,0.005960056869748914
