region_type,na_per_frame,cl_per_frame,net_ion_charge_per_frame,n_region_residues,net_ion_charge_per_100res
3F,20.856287425149702,318.8063872255489,-297.95009980039924,21024,-1.417190352931884
5F,11.638722554890219,32.44311377245509,-20.804391217564874,8218,-0.2531563788946809
neither,1.1137724550898203,12.538922155688622,-11.425149700598801,1778,-0.6425843476152306
