region_type,n_residues,n_regions,mean_gamma23,sem_gamma23
3F,12574,20,-0.10521675402079905,0.0019232332301845623
5F,2269,12,-0.14802308458197894,0.005263145663313564
