region_type,n_residues,n_regions,mean_gamma23,sem_gamma23
3F,12351,20,-0.19994352678097868,0.005490707142103572
5F,2332,12,-0.19505697765626503,0.013055384965764607
