residue_class,n,mean,sem,std,min,max
Polar_uncharged,9360,-0.02199465811965812,0.004607958872890734,0.44580662552165246,-1.0399999999999996,3.5099999999999993
Special,4380,-0.06501598173515982,0.004705189024831563,0.3113967894281376,-1.04,2.77
Aliphatic,6540,-0.08141131498470949,0.0043893510731023225,0.35496799094123554,-1.1,3.1499999999999995
Aromatic,3960,-0.10776010101010101,0.005293635265311828,0.33312069031467556,-1.25,3.3199999999999994
Acidic,2640,-0.13718939393939394,0.00711704088121025,0.36568018156405396,-1.0999999999999999,2.2599999999999993
Basic,3180,-0.14017924528301887,0.006969148359012024,0.39300065107165605,-1.4699999999999998,2.78
Sulfur,960,-0.15851041666666665,0.007876855281276194,0.2440554345989491,-0.75,1.66
