property,n,spearman_r,p_value
hydropathy,31020,0.007578479187734848,0.18196647019644333
volume_A3,31020,-0.07222823130960397,3.667826917169364e-37
mw_Da,31020,-0.07184254209741979,8.768499750065195e-37
charge,31020,0.007578479187734848,0.18196647019644333
