region_type,n_residues,n_regions,mean_gamma23,sem_gamma23
3F,12538,20,-0.009507637733273672,0.0006175044140188086
5F,2264,12,-0.0057092207116608285,0.0022876586787713496
