resname,n,mean,sem,std,min,max
TRP,720,-0.023930555555555556,0.0033794264823935704,0.09067952807514024,-0.34,0.7399999999999999
CYS,300,-0.025633333333333334,0.0013271022181004946,0.022986084685874104,-0.07000000000000002,0.0
GLY,2220,-0.026387387387387388,0.003042217526893494,0.14333978585055263,-0.26,2.3700000000000006
SER,2760,-0.031105072463768115,0.003309515559106631,0.17386772366162187,-0.2800000000000001,1.6299999999999997
GLN,1500,-0.03235333333333333,0.005012618843360853,0.1941378930122207,-0.39,1.82
PRO,2160,-0.03770833333333334,0.0017770166841547931,0.08258827228397086,-0.24000000000000007,1.16
LEU,1980,-0.044924242424242436,0.0018205828275174752,0.08101082166640466,-0.26999999999999996,1.18
THR,2460,-0.04927642276422765,0.0033296922828095965,0.1651473666686102,-0.33,1.5199999999999998
ALA,1800,-0.05157777777777778,0.004008903958413456,0.17008339044718485,-0.25,1.2200000000000002
ILE,1140,-0.054903508771929836,0.00270138532969263,0.0912092664009834,-0.21,1.2199999999999998
PHE,1800,-0.055555555555555566,0.0024346212807781565,0.10329223303555872,-0.29999999999999993,0.9099999999999999
VAL,1620,-0.056024691358024695,0.001878320563747552,0.07560094435335457,-0.29,0.63
ASN,2640,-0.05668181818181819,0.003916003866517297,0.20120792177746638,-0.33999999999999997,2.0599999999999996
HIS,780,-0.05725641025641026,0.0033639509345085535,0.09395003668987659,-0.25,0.82
MET,660,-0.07457575757575757,0.002028094628247789,0.05210269438276849,-0.22,0.56
TYR,1440,-0.07817361111111111,0.0027269485610068233,0.10348042217880224,-0.4600000000000002,0.86
GLU,1140,-0.08488596491228072,0.003566108583304947,0.12040568378540188,-0.40000000000000013,0.8000000000000003
ARG,1260,-0.09085714285714286,0.003835132729599051,0.13613370724250756,-0.38999999999999996,1.07
LYS,1140,-0.09829824561403509,0.007054029288475063,0.23817144096435444,-0.5500000000000003,2.2800000000000002
ASP,1500,-0.09982,0.0037506000646573617,0.14526011588702423,-0.35999999999999993,1.6200000000000003
