region_type,n_residues,n_regions,mean_gamma23,sem_gamma23
3F,12539,20,-0.05897043953059326,0.0007354201434456976
5F,2353,12,-0.023538355571119624,0.0021206945522972117
