residue_class,n,mean,sem,std,min,max
Polar_uncharged,9360,-0.06622649572649572,0.005885656861344488,0.5694201916104135,-1.2899999999999996,7.56
Special,4380,-0.11357077625570776,0.005592607064752889,0.3701275071641809,-1.04,5.7700000000000005
Aliphatic,6540,-0.14207798165137617,0.00511933103844821,0.41400166526135346,-1.26,7.08
Aromatic,3960,-0.17924747474747477,0.005588329784348524,0.35166538345905163,-1.4600000000000002,2.9
Acidic,2640,-0.18345075757575757,0.008754600007358317,0.4498194929108041,-1.3500000000000003,3.64
Basic,3180,-0.1918930817610063,0.008846242605917643,0.49885279012144773,-1.62,5.230000000000001
Sulfur,960,-0.22940624999999998,0.007930644244821842,0.24572202467912554,-0.96,1.0
