residue_class,n,mean,sem,std,min,max
Acidic,2640,-2.7282651515151515,0.055712242034613856,2.862546825653995,-13.35,13.89
Polar_uncharged,9360,-2.753655982905983,0.0328437011194109,3.1775326059932674,-15.619999999999997,17.050000000000004
Special,4380,-2.8563949771689496,0.03694819194597663,2.445289293677966,-15.099999999999998,9.819999999999997
Basic,3180,-2.9701792452830187,0.051755240668600634,2.918555070337714,-15.350000000000005,10.83
Aliphatic,6540,-3.046678899082569,0.033358995300135155,2.6977508393143412,-14.99,10.09
Aromatic,3960,-3.1948737373737375,0.04044185626954149,2.544946601515238,-14.24,12.830000000000002
Sulfur,960,-3.319447916666667,0.08306386659881351,2.573639776070394,-12.67,7.13
