property,n,spearman_r,p_value
hydropathy,31020,-0.017551080601632334,0.0019928432243726227
volume_A3,31020,-0.044445649648216116,4.819203642885152e-15
mw_Da,31020,-0.03165239865326809,2.461830980436253e-08
charge,31020,-0.017551080601632334,0.0019928432243726227
