resname,n,mean,sem,std,min,max
SER,2760,-2.5967934782608695,0.060262021835079345,3.165907629858831,-15.28,17.050000000000004
GLY,2220,-2.6796306306306303,0.05514420275490924,2.5982225609815415,-15.099999999999998,9.429999999999998
GLU,1140,-2.6839912280701754,0.07593618296302443,2.563900627289028,-12.19,9.359999999999998
ASN,2640,-2.755295454545455,0.06426294077789504,3.301889681924181,-14.909999999999998,12.729999999999999
ASP,1500,-2.761913333333333,0.07928179450021462,3.0705706975677,-13.35,13.89
THR,2460,-2.816182926829268,0.060969450029418004,3.023986382037568,-13.569999999999997,15.900000000000002
CYS,300,-2.8825666666666665,0.10880079695849391,1.8844850823609685,-7.769999999999999,5.11
LYS,1140,-2.908464912280702,0.09740962324532784,3.288927417701439,-15.350000000000005,9.979999999999997
GLN,1500,-2.936853333333333,0.08290892830442119,3.21104898574928,-15.619999999999997,10.87
PHE,1800,-2.9485444444444444,0.06305421997809037,2.675163991736159,-14.24,12.830000000000002
VAL,1620,-2.9559938271604937,0.06589741864402691,2.6523199373365114,-12.49,8.85
LEU,1980,-2.986242424242424,0.056663445236868844,2.521364141035768,-13.48,8.930000000000001
HIS,780,-3.0026538461538466,0.08255240429261919,2.3055631794647917,-11.45,6.92
ARG,1260,-3.0059126984126983,0.08178369856815179,2.9030333141169353,-15.31,10.83
PRO,2160,-3.038069444444444,0.048706907269625586,2.2636924884063463,-11.669999999999998,9.819999999999997
TRP,720,-3.040763888888889,0.07478875209964289,2.0067928037661797,-13.06,8.5
ALA,1800,-3.0873944444444446,0.07324636580149602,3.107580117330496,-14.99,10.09
ILE,1140,-3.2162280701754384,0.069045807865954,2.3312547877919627,-10.930000000000001,6.75
MET,660,-3.518030303030303,0.10941485889630505,2.8109186201697316,-12.67,7.13
TYR,1440,-3.579840277777778,0.06782218079859495,2.5736708064395715,-11.919999999999996,6.699999999999999
