region_type,n_residues,n_regions,mean_gamma23,sem_gamma23
3F,12579,20,0.07461155423244784,0.0018945522296875653
5F,2343,12,0.07707901594630405,0.005116006912322463
