region_type,n_residues,n_regions,mean_gamma23,sem_gamma23
3F,4728,20,-0.02868734114026568,0.01203796670694747
5F,1007,12,-0.07706780249589758,0.022711113681211374
