region_type,n_hbond_rows,hbonds_per_frame,n_region_residues,hbonds_per_frame_per_100res,length_mean,length_median,length_std,frac_under_3.0A
3F,137828,137.6903096903097,21020,0.6550442896779719,3.1139530436567138,3.104484814702298,0.19958976854941304,0.31854195083727543
5F,57973,57.91508491508492,8232,0.7035360169470957,3.1056624706245937,3.0968925861305956,0.20019033304395556,0.33182688492919116
neither,6218,6.211788211788212,1768,0.35134548709209346,3.1225206859291115,3.118779751586162,0.2034747552335347,0.30025731746542295
