region_type,n_residues,n_regions,mean_gamma23,sem_gamma23
3F,12376,20,-0.2603897051122125,0.00877810124790506
5F,2304,12,-0.1881655031059124,0.017476428204120976
