residue_class,n,mean,sem,std,min,max
Special,4380,-0.021002283105022834,0.0011682065763190155,0.07731374347231469,-0.16,1.0999999999999999
Polar_uncharged,9360,-0.027409188034188035,0.0013964411910211965,0.13510162574824675,-0.25,1.51
Aliphatic,6540,-0.029695718654434256,0.001211764754063579,0.09799573856810107,-0.18,1.75
Aromatic,3960,-0.033626262626262636,0.0013282423374595916,0.08358433896250944,-0.2699999999999999,0.9800000000000001
Sulfur,960,-0.035375000000000004,0.0010847319585811637,0.033609190485470404,-0.12,0.36
Basic,3030,-0.05018151815181519,0.0021983925179265974,0.12101147416056547,-0.25999999999999995,1.3999999999999997
Acidic,2640,-0.06055303030303031,0.0017947070407827348,0.09221371739768829,-0.25,0.93
