property,n,spearman_r,p_value
hydropathy,30870,0.08404084886210736,1.663720917083656e-49
volume_A3,30870,-0.014836024677930697,0.009141761708854146
mw_Da,30870,-0.06524668529317043,1.7513012565949082e-30
charge,30870,0.08404084886210736,1.663720917083656e-49
