residue_class,n,mean,sem,std,min,max
Special,4380,-0.04985388127853881,0.0021900977565358247,0.14494410454496812,-0.39999999999999997,1.9499999999999997
Polar_uncharged,9360,-0.07020299145299146,0.002357706396997422,0.22810124000886628,-0.59,2.1299999999999994
Aliphatic,6540,-0.07537003058103976,0.0019475729765761076,0.1575007455983795,-0.44,2.0099999999999993
Aromatic,3960,-0.08487121212121213,0.0023750328483417766,0.1494573279621368,-0.6300000000000002,1.5
Sulfur,960,-0.08734375000000001,0.002724680929734855,0.08442115091673627,-0.32,0.77
Basic,3180,-0.12012578616352201,0.0042980841203386355,0.24237536218748124,-0.78,2.5600000000000005
Acidic,2640,-0.13504545454545455,0.003717217306037726,0.1909940833659745,-0.61,1.84
