resname,n,mean,sem,std,min,max
TRP,720,-0.035333333333333335,0.005147477338322106,0.13812131089353494,-0.62,1.2
CYS,300,-0.03953333333333334,0.0020401069623156016,0.03533568911605627,-0.12000000000000002,0.0
GLY,2220,-0.040927927927927925,0.0036146366602054863,0.1703103871505472,-0.39999999999999997,1.9499999999999997
SER,2760,-0.044659420289855076,0.004422098874605366,0.232318069337556,-0.45,2.1299999999999994
PRO,2160,-0.05902777777777778,0.0024184217260744515,0.11239808483031054,-0.36,1.09
GLN,1500,-0.06566000000000001,0.005770985011320816,0.2235092884005814,-0.59,1.96
LEU,1980,-0.06577777777777778,0.0026054705015555618,0.11593611835085241,-0.41,1.52
ALA,1800,-0.07378888888888889,0.005417506734297854,0.22984534493674805,-0.39,2.0099999999999993
PHE,1800,-0.08053888888888888,0.0035096229570326307,0.14890069153954538,-0.4499999999999999,1.4600000000000002
VAL,1620,-0.08226543209876544,0.003020188305528074,0.12156023440819219,-0.44,1.02
THR,2460,-0.08279674796747968,0.004113957567977915,0.20404565984838297,-0.4900000000000001,1.6700000000000002
ILE,1140,-0.0847280701754386,0.003541221832812135,0.11956541037804908,-0.32000000000000006,0.83
HIS,780,-0.08620512820512821,0.00477752423288519,0.13342899040586373,-0.38,0.83
ASN,2640,-0.08775378787878789,0.0047583199121298625,0.24448690382000604,-0.5099999999999999,1.6299999999999994
MET,660,-0.10907575757575756,0.00354436251825763,0.09105632178024498,-0.32,0.77
TYR,1440,-0.11505555555555556,0.003912406415654651,0.14846538486868974,-0.6300000000000002,1.5
ARG,1260,-0.1268968253968254,0.005809073064683879,0.20620163829914895,-0.57,1.23
GLU,1140,-0.1279824561403509,0.005143786827532846,0.17367423221910178,-0.61,1.2399999999999998
LYS,1140,-0.13585087719298247,0.009537600166111488,0.32202644502993116,-0.78,2.5600000000000005
ASP,1500,-0.14041333333333333,0.005243119477992045,0.20306514420438918,-0.5499999999999999,1.84
