region_type,n_hbond_rows,hbonds_per_frame,n_region_residues,hbonds_per_frame_per_100res,length_mean,length_median,length_std,frac_under_3.0A
3F,115741,115.62537462537462,12542,0.9219053948762129,3.114363369885953,3.10485151690198,0.19953719454807653,0.31721688943416765
5F,42634,42.591408591408594,2274,1.8729731130786542,3.1007781632862876,3.090797313606177,0.20175677907193418,0.3439273819017685
neither,4732,4.7272727272727275,694,0.6811632171862719,3.1218330599492217,3.116279119851153,0.2030922203996593,0.3026204564666103
