region_type,n_hbond_rows,hbonds_per_frame,n_region_residues,hbonds_per_frame_per_100res,length_mean,length_median,length_std,frac_under_3A
3F,89748,89.65834165834166,4893,1.8323797600315073,3.116088554566761,3.1068603453433195,0.1987847652459571,0.3129540491153006
5F,22569,22.546453546453545,998,2.259163682009373,3.1005865452612835,3.091594151149648,0.20349654461827718,0.3450307944525677
neither,50790,50.739260739260736,9619,0.5274899754575396,3.106729035478202,3.0962938306855112,0.20131782150111838,0.333451466824178
