region_type,na_per_frame,cl_per_frame,net_ion_charge_per_frame,n_region_residues,net_ion_charge_per_100res
3F,123.67265469061876,37.50299401197605,86.16966067864271,20869,0.41290747366257474
5F,44.203592814371255,6.736526946107785,37.46706586826347,8262,0.45348663602352296
neither,7.706586826347305,1.3213572854291418,6.385229540918163,1739,0.3671782369705672
