property,n,spearman_r,p_value
hydropathy,31080,0.06703288406188282,2.7181708562831535e-32
volume_A3,31080,-0.07967568942329777,5.952772227273961e-45
mw_Da,31080,-0.10063380507595508,9.120484618515757e-71
charge,31080,0.06703288406188282,2.7181708562831535e-32
