resname,n,mean,sem,std,min,max
TRP,720,-0.18769444444444447,0.005863402331310166,0.15733159430688332,-0.94,0.44
CYS,300,-0.2049,0.0077418616239688905,0.13409297677881818,-0.4699999999999999,0.009999999999999998
GLY,2460,-0.24664227642276423,0.004940242145448282,0.2450280421521832,-1.12,0.75
HIS,720,-0.27061111111111114,0.008824703308631924,0.2367916377524195,-0.96,0.0
PRO,2040,-0.2707745098039216,0.004535581225295494,0.2048556906325916,-1.0199999999999998,0.14000000000000007
SER,2400,-0.27369583333333336,0.005277473783246047,0.2585423579973665,-1.24,0.63
LEU,2100,-0.28773809523809524,0.005065557560457017,0.23213300957950123,-1.0399999999999998,0.14000000000000004
PHE,1620,-0.2884320987654321,0.007312948500267784,0.2943404993259703,-1.1499999999999997,0.3499999999999999
THR,3000,-0.31404,0.004998286192893169,0.27376740967142066,-1.2799999999999998,0.5499999999999999
VAL,1320,-0.3566287878787879,0.008273513027729435,0.3005916557764228,-1.12,0.09
ILE,1320,-0.36005303030303026,0.00788845695014915,0.28660187374082274,-1.1299999999999997,0.18000000000000002
ASN,2820,-0.3672411347517731,0.005913821618838356,0.3140456446334204,-1.44,0.8000000000000002
ASP,1260,-0.3719126984126984,0.009183803868069185,0.325992698375017,-1.32,0.21
GLN,2040,-0.37584803921568627,0.00696943714335544,0.31478410117757244,-1.38,0.66
ALA,1500,-0.38238000000000005,0.006034722868354687,0.23372381168114756,-1.18,0.6100000000000001
GLU,1140,-0.4095877192982456,0.01048599206684415,0.35404784108019505,-1.6299999999999994,0.05000000000000002
ARG,1260,-0.4149206349206349,0.009521604402817548,0.33798342786108715,-1.5,0.31
MET,480,-0.4678333333333333,0.01351896697624668,0.2961857266823085,-1.25,0.09
LYS,960,-0.4829791666666666,0.014174651682827385,0.4391855192470512,-1.6599999999999995,0.09000000000000002
TYR,1620,-0.502179012345679,0.0075247124891907186,0.3028638354654978,-1.5100000000000005,0.2300000000000001
