region_type,n_hbond_rows,hbonds_per_frame,n_region_residues,hbonds_per_frame_per_100res,length_mean,length_median,length_std,frac_under_3.0A
3F,120190,120.06993006993007,12326,0.9741191795386182,3.1137446937994055,3.1045230193956037,0.1999618853670076,0.31778850153922955
5F,31875,31.843156843156844,2314,1.376108765909976,3.1070198647896805,3.096669436198409,0.2016547514047305,0.3306980392156863
neither,3607,3.6033966033966034,720,0.5004717504717504,3.123788294936769,3.11702243636348,0.2039439898667001,0.2988633213196562
