region_type,n_hbond_rows,hbonds_per_frame,n_region_residues,hbonds_per_frame_per_100res,length_mean,length_median,length_std,frac_under_3A
3F,97245,97.14785214785215,4752,2.0443571579935216,3.1136864119659076,3.104746741995595,0.20017368630774754,0.3182374415137025
5F,19043,19.023976023976022,1014,1.8761317577885623,3.1041159313269473,3.0949117374001363,0.20279340688240716,0.33377093945281733
neither,39384,39.344655344655344,9594,0.4100964701339936,3.114021493649067,3.10337704433277,0.19980626484441452,0.31766707292301444
