property,n,spearman_r,p_value
hydropathy,31020,0.005468889098706271,0.3354590880922904
volume_A3,31020,-0.07068560103194345,1.1647050561242074e-35
mw_Da,31020,-0.0693319174830349,2.2773657330664607e-34
charge,31020,0.005468889098706271,0.3354590880922904
