resname,n,mean,sem,std,min,max
SER,2760,-0.03378260869565217,0.010992470670151883,0.5774971649785411,-1.08,7.56
ASN,2640,-0.05846969696969698,0.011566693478918826,0.5943074716113664,-1.2899999999999996,6.829999999999999
GLY,2220,-0.07724774774774776,0.009472968691018104,0.44633669076453997,-1.04,5.7700000000000005
GLN,1500,-0.08169333333333334,0.015867470061489,0.6145444729459167,-1.22,6.76
ALA,1800,-0.0843388888888889,0.013893319927475325,0.5894436440347197,-1.1400000000000001,7.08
THR,2460,-0.10152032520325203,0.01003961407094137,0.4979486647294801,-1.0999999999999999,4.0
TRP,720,-0.1245138888888889,0.009701485366009196,0.2603181691333919,-1.13,2.9
CYS,300,-0.14036666666666667,0.0058485719099074605,0.10130023699679869,-0.31,0.44000000000000006
HIS,780,-0.1412820512820513,0.014499501321584542,0.4049490339391031,-1.1,2.45
PRO,2160,-0.15090277777777777,0.005707191679093667,0.2652462999209198,-0.9399999999999997,2.07
VAL,1620,-0.1562716049382716,0.009258472101705157,0.3726463137695654,-1.26,2.74
LEU,1980,-0.15681313131313132,0.006008616991583611,0.267366577455118,-0.9699999999999998,1.7999999999999998
PHE,1800,-0.15937222222222222,0.00907824248584521,0.3851572093798181,-1.2100000000000002,2.5600000000000005
ASP,1500,-0.16399333333333335,0.012782927586604804,0.4950806565869577,-1.2300000000000002,3.64
ILE,1140,-0.1874824561403509,0.009626085288935837,0.32501404663252376,-0.84,2.43
LYS,1140,-0.19526315789473683,0.01764570840025872,0.5957876873849743,-1.62,5.230000000000001
GLU,1140,-0.20905263157894735,0.011280942292781466,0.3808884499100685,-1.3500000000000003,2.0599999999999996
ARG,1260,-0.2201746031746032,0.012704505760787476,0.45096521811400436,-1.33,3.89
TYR,1440,-0.23145833333333335,0.008983023090007676,0.340881758859696,-1.4600000000000002,1.59
MET,660,-0.2698787878787879,0.010868395351965491,0.27921413210575957,-0.96,1.0
