region_type,n_hbond_rows,hbonds_per_frame,n_region_residues,hbonds_per_frame_per_100res,length_mean,length_median,length_std,frac_under_3.0A
3F,173251,173.07792207792207,20869,0.8293541716321917,3.1124672730438294,3.1032999306516094,0.19998093735550412,0.32112945957021893
5F,63344,63.28071928071928,8262,0.765924948931485,3.1135805758662003,3.105046616413566,0.19913920321718234,0.31519954533973227
neither,10439,10.428571428571429,1739,0.5996878337303869,3.1265728050037027,3.120244956646535,0.1957254915562127,0.28115719896541813
